Season,Name,Position,Draft.Eligible,Team,Birth Date,GP,EVG,EVA1,EVA2,EVPTS,Team.EVPTS,OI.EVGF,OI.EVGA,EVGF.PERC,TEAM.EVGF.PERC,EVGF.PERC.REL,PRIMARY.EVPTS,TEAM.PRIMARY.EVPTS,PERC.TEAM.EVPrPTS,IPP.EV,IPPP.EV
2017-18 Regular Season,Marcus Crawford,D,N,Saginaw Spirit,1997-03-21,68,5,10,12,27,365,71,74,0.49,0.46,0.03,15,267,0.06,0.38,0.21
2017-18 Regular Season,Ryan Moore,F,N,Flint Firebirds,1997-04-09,63,15,17,15,47,468,60,61,0.5,0.55,-0.05,32,340,0.09,0.78,0.53
2017-18 Regular Season,Liam Murray,D,N,Kingston Frontenacs,1997-06-28,63,1,3,3,7,444,47,56,0.46,0.54,-0.08,4,323,0.01,0.15,0.09
2017-18 Regular Season,Justin Lemcke,D,N,Hamilton Bulldogs,1997-02-13,59,6,2,10,18,468,55,35,0.61,0.55,0.06,8,340,0.02,0.33,0.15
2017-18 Regular Season,Aaron Luchuk,F,N,Barrie Colts,1997-04-05,68,30,21,18,69,418,92,62,0.6,0.51,0.09,51,311,0.16,0.75,0.55
2017-18 Regular Season,Hayden McCool,F,N,Oshawa Generals,1997-04-11,59,8,6,5,19,435,31,32,0.49,0.5,-0.01,14,322,0.04,0.61,0.45
2017-18 Regular Season,Brett McKenzie,F,N,North Bay Battalion,1997-03-12,64,14,9,5,28,529,52,56,0.48,0.53,-0.05,23,389,0.06,0.54,0.44
2017-18 Regular Season,Matthew Kreis,F,N,Saginaw Spirit,1997-08-01,9,0,1,1,2,365,3,7,0.3,0.46,-0.16,1,267,0,0.67,0.33
2017-18 Regular Season,Tyler MacArthur,D,N,Barrie Colts,1997-05-25,5,0,0,0,0,545,5,5,0.5,0.52,-0.02,0,398,0,0,0
2017-18 Regular Season,Ethan Szypula,F,N,Owen Sound Attack,1997-01-28,67,12,20,8,40,529,60,55,0.52,0.53,-0.01,32,389,0.08,0.67,0.53
2017-18 Regular Season,Mason Kohn,F,N,Oshawa Generals,1997-05-03,64,10,10,4,24,365,36,38,0.49,0.46,0.03,20,267,0.07,0.67,0.56
2017-18 Regular Season,Doug Blaisdell,D,N,Kitchener Rangers,1997-02-20,66,0,5,8,13,479,53,62,0.46,0.54,-0.08,5,352,0.01,0.25,0.09
2017-18 Regular Season,Garrett McFadden,D,N,Guelph Storm,1997-08-21,68,1,7,12,20,411,63,91,0.41,0.46,-0.05,8,301,0.03,0.32,0.13
2017-18 Regular Season,Connor Schlichting,D,N,Sarnia Sting,1997-05-17,67,4,6,15,25,553,88,58,0.6,0.55,0.05,10,411,0.02,0.28,0.11
2017-18 Regular Season,Nikita Korostelev,F,N,Peterborough Petes,1997-02-08,64,20,14,3,37,363,54,62,0.47,0.45,0.02,34,278,0.12,0.69,0.63
2017-18 Regular Season,Riley Bruce,D,N,North Bay Battalion,1997-07-16,67,3,1,5,9,371,65,72,0.47,0.47,0,4,281,0.01,0.14,0.06
2017-18 Regular Season,Sean Day,D,N,Kingston Frontenacs,1998-01-09,50,2,8,9,19,418,59,60,0.5,0.51,-0.01,10,311,0.03,0.32,0.17
2017-18 Regular Season,Johnny Corneil,F,N,Niagara IceDogs,1997-08-16,64,16,15,8,39,432,58,35,0.62,0.49,0.13,31,316,0.1,0.67,0.53
2017-18 Regular Season,Maurizio Colella,F,N,Flint Firebirds,1997-03-21,67,16,11,8,35,320,57,81,0.41,0.42,-0.01,27,247,0.11,0.61,0.47
2017-18 Regular Season,Connor Walters,D,N,Hamilton Bulldogs,1997-06-05,56,3,5,2,10,468,35,36,0.49,0.55,-0.06,8,340,0.02,0.29,0.23
2017-18 Regular Season,Ted Nichol,F,N,Kingston Frontenacs,1997-01-04,68,4,16,6,26,444,36,61,0.37,0.54,-0.17,20,323,0.06,0.72,0.56
2017-18 Regular Season,Hayden Verbeek,F,N,Sault Ste. Marie Greyhounds,1997-10-17,67,23,11,11,45,568,60,41,0.59,0.54,0.05,34,411,0.08,0.75,0.57
2017-18 Regular Season,Stephen Gibson,D,N,Mississauga Steelheads,1997-03-03,68,1,2,5,8,423,52,53,0.5,0.52,-0.02,3,309,0.01,0.15,0.06
2017-18 Regular Season,James McEwan,F,N,Guelph Storm,1997-03-15,64,10,8,11,29,411,44,49,0.47,0.46,0.01,18,301,0.06,0.66,0.41
2017-18 Regular Season,Alex Di Carlo,D,N,Oshawa Generals,1997-03-25,45,4,1,2,7,435,27,30,0.47,0.5,-0.03,5,322,0.02,0.26,0.19
2017-18 Regular Season,Stephen Templeton,D,N,Hamilton Bulldogs,1997-01-26,12,0,0,0,0,468,0,5,0,0.55,-0.55,0,340,0,,
2017-18 Regular Season,Keaton Middleton,D,N,Saginaw Spirit,1998-02-10,64,2,3,6,11,365,50,56,0.47,0.46,0.01,5,267,0.02,0.22,0.1
2017-18 Regular Season,Cliff Pu,F,N,Kingston Frontenacs,1998-06-03,65,13,20,12,45,395,71,44,0.62,0.48,0.14,33,291,0.11,0.63,0.46
2017-18 Regular Season,Sam Field,F,N,Kingston Frontenacs,1998-02-04,14,5,0,0,5,444,8,6,0.57,0.54,0.03,5,323,0.02,0.62,0.62
2017-18 Regular Season,Reagan O'Grady,D,N,Mississauga Steelheads,1998-12-15,55,4,4,7,15,366,51,49,0.51,0.47,0.04,8,276,0.03,0.29,0.16
2017-18 Regular Season,Tye Felhaber,F,N,Ottawa 67's,1998-08-05,68,25,18,11,54,402,70,71,0.5,0.47,0.03,43,304,0.14,0.77,0.61
2017-18 Regular Season,Christopher Paquette,F,N,Peterborough Petes,1998-03-27,61,9,6,1,16,363,30,56,0.35,0.45,-0.1,15,278,0.05,0.53,0.5
2017-18 Regular Season,Michael Pezzetta,F,N,Sarnia Sting,1998-03-13,62,14,11,10,35,366,43,53,0.45,0.47,-0.02,25,276,0.09,0.81,0.58
2017-18 Regular Season,Kyle Rhodes,D,N,Sudbury Wolves,1997-12-25,57,9,4,3,16,366,46,63,0.42,0.47,-0.05,13,276,0.05,0.35,0.28
2017-18 Regular Season,Noah Carroll,D,N,Sault Ste. Marie Greyhounds,1997-12-02,65,6,7,13,26,568,70,45,0.61,0.54,0.07,13,411,0.03,0.37,0.19
2017-18 Regular Season,Matt Hotchkiss,F,N,Guelph Storm,1998-02-06,68,13,5,3,21,444,33,42,0.44,0.54,-0.1,18,323,0.06,0.64,0.55
2017-18 Regular Season,Will Bitten,F,N,Hamilton Bulldogs,1998-07-10,62,14,15,5,34,468,51,49,0.51,0.55,-0.04,29,340,0.09,0.67,0.57
2017-18 Regular Season,Nicholas Caamano,F,N,Flint Firebirds,1998-09-07,64,16,19,9,44,468,57,50,0.53,0.55,-0.02,35,340,0.1,0.77,0.61
2017-18 Regular Season,Givani Smith,F,N,Guelph Storm,1998-02-27,46,13,7,4,24,479,38,35,0.52,0.54,-0.02,20,352,0.06,0.63,0.53
2017-18 Regular Season,Brandon Saigeon,F,N,Hamilton Bulldogs,1998-06-14,65,17,13,7,37,468,57,30,0.66,0.55,0.11,30,340,0.09,0.65,0.53
2017-18 Regular Season,Cole Candella,D,N,Sudbury Wolves,1998-02-13,68,3,9,6,18,366,55,84,0.4,0.47,-0.07,12,276,0.04,0.33,0.22
2017-18 Regular Season,Jack Hanley,D,N,Hamilton Bulldogs,1998-04-20,63,1,6,6,13,468,47,46,0.51,0.55,-0.04,7,340,0.02,0.28,0.15
2017-18 Regular Season,Ryan Valentini,F,N,Sudbury Wolves,1997-07-13,1,0,0,0,0,366,0,0,,0.47,,0,276,0,,
2017-18 Regular Season,Drake Rymsha,F,N,Sarnia Sting,1998-08-06,68,21,13,16,50,553,72,52,0.58,0.55,0.03,34,411,0.08,0.69,0.47
2017-18 Regular Season,Benjamin Gleason,D,N,Hamilton Bulldogs,1998-03-25,63,3,11,9,23,468,64,37,0.63,0.55,0.08,14,340,0.04,0.36,0.22
2017-18 Regular Season,Jonathan Ang,F,N,Peterborough Petes,1998-01-31,65,13,21,7,41,553,64,55,0.54,0.55,-0.01,34,411,0.08,0.64,0.53
2017-18 Regular Season,Travis Barron,F,N,Ottawa 67's,1998-08-17,67,14,21,6,41,402,77,79,0.49,0.47,0.02,35,304,0.12,0.53,0.45
2017-18 Regular Season,Michael McLeod,F,N,Mississauga Steelheads,1998-02-03,38,9,14,8,31,423,43,42,0.51,0.52,-0.01,23,309,0.07,0.72,0.53
2017-18 Regular Season,Jordan Kyrou,F,N,Sarnia Sting,1998-05-05,56,23,26,14,63,553,69,43,0.62,0.55,0.07,49,411,0.12,0.91,0.71
2017-18 Regular Season,Jonah Gadjovich,F,N,Owen Sound Attack,1998-10-12,42,16,7,9,32,529,51,37,0.58,0.53,0.05,23,389,0.06,0.63,0.45
2017-18 Regular Season,Alex Black,D,N,Peterborough Petes,1997-09-12,65,2,3,8,13,363,42,61,0.41,0.45,-0.04,5,278,0.02,0.31,0.12
2017-18 Regular Season,Logan Stanley,D,N,Kitchener Rangers,1998-05-26,61,12,10,8,30,479,79,72,0.52,0.54,-0.02,22,352,0.06,0.38,0.28
2017-18 Regular Season,Logan Brown,F,N,Kitchener Rangers,1998-03-05,32,18,10,5,33,479,42,28,0.6,0.54,0.06,28,352,0.08,0.79,0.67
2017-18 Regular Season,Luke Kirwan,F,N,Flint Firebirds,1997-09-23,2,0,0,0,0,320,0,1,0,0.42,-0.42,0,247,0,,
2017-18 Regular Season,Daniil Vertiy,F,N,North Bay Battalion,1998-11-12,31,2,2,3,7,529,15,14,0.52,0.53,-0.01,4,389,0.01,0.47,0.27
2017-18 Regular Season,Ben Hawerchuk,F,N,Barrie Colts,1998-03-27,52,7,7,5,19,545,31,34,0.48,0.52,-0.04,14,398,0.04,0.61,0.45
2017-18 Regular Season,Kenny Huether,F,N,Oshawa Generals,1997-08-06,67,14,8,8,30,435,44,33,0.57,0.5,0.07,22,322,0.07,0.68,0.5
2017-18 Regular Season,Zach Poirier,F,N,Guelph Storm,1998-05-12,54,5,4,5,14,411,23,33,0.41,0.46,-0.05,9,301,0.03,0.61,0.39
2017-18 Regular Season,Zach Shankar,D,N,Niagara IceDogs,1997-01-28,53,2,6,8,16,418,40,36,0.53,0.51,0.02,8,311,0.03,0.4,0.2
2017-18 Regular Season,Mark Shoemaker,D,N,Guelph Storm,1997-09-28,66,1,4,5,10,411,44,50,0.47,0.46,0.01,5,301,0.02,0.23,0.11
2017-18 Regular Season,Trenton Bourque,D,N,Owen Sound Attack,1998-06-11,62,0,5,10,15,529,61,70,0.47,0.53,-0.06,5,389,0.01,0.25,0.08
2017-18 Regular Season,Boris Katchouk,F,N,Sault Ste. Marie Greyhounds,1998-06-18,58,26,21,6,53,568,81,34,0.7,0.54,0.16,47,411,0.11,0.65,0.58
2017-18 Regular Season,Anthony Salinitri,F,N,Sarnia Sting,1998-03-05,67,19,10,9,38,553,60,49,0.55,0.55,0,29,411,0.07,0.63,0.48
2017-18 Regular Season,Jack Kopacka,F,N,Sault Ste. Marie Greyhounds,1998-03-05,66,20,13,6,39,568,58,33,0.64,0.54,0.1,33,411,0.08,0.67,0.57
2017-18 Regular Season,Tim Gettinger,F,N,Sault Ste. Marie Greyhounds,1998-04-14,66,18,12,11,41,568,68,39,0.64,0.54,0.1,30,411,0.07,0.6,0.44
2017-18 Regular Season,Lucas Chiodo,F,N,Barrie Colts,1998-10-31,68,22,19,12,53,545,66,36,0.65,0.52,0.13,41,398,0.1,0.8,0.62
2017-18 Regular Season,Matthew Timms,D,N,Peterborough Petes,1998-05-12,46,2,8,5,15,363,36,53,0.4,0.45,-0.05,10,278,0.04,0.42,0.28
2017-18 Regular Season,Adam Timleck,F,N,Peterborough Petes,1998-02-26,39,10,9,3,22,363,28,23,0.55,0.45,0.1,19,278,0.07,0.79,0.68
2017-18 Regular Season,Troy Lajeunesse,F,N,Erie Otters,1997-05-20,60,10,9,8,27,366,43,57,0.43,0.47,-0.04,19,276,0.07,0.63,0.44
2017-18 Regular Season,Sean Allen,D,N,Oshawa Generals,1998-04-21,52,0,2,2,4,435,37,29,0.56,0.5,0.06,2,322,0.01,0.11,0.05
2017-18 Regular Season,Connor Hall,D,N,Kitchener Rangers,1998-02-21,47,0,8,2,10,479,43,35,0.55,0.54,0.01,8,352,0.02,0.23,0.19
2017-18 Regular Season,Adam Mascherin,F,N,Kitchener Rangers,1998-06-06,67,28,22,6,56,479,70,43,0.62,0.54,0.08,50,352,0.14,0.8,0.71
2017-18 Regular Season,Connor Bunnaman,F,N,Kitchener Rangers,1998-04-16,66,14,12,4,30,479,45,45,0.5,0.54,-0.04,26,352,0.07,0.67,0.58
2017-18 Regular Season,TJ Fergus,D,N,Barrie Colts,1997-03-25,64,1,9,5,15,468,71,66,0.52,0.55,-0.03,10,340,0.03,0.21,0.14
2017-18 Regular Season,Jesse Saban,D,N,North Bay Battalion,1997-01-14,68,2,7,7,16,371,54,61,0.47,0.47,0,9,281,0.03,0.3,0.17
2017-18 Regular Season,Patrick Fellows,F,N,Erie Otters,1997-06-17,68,11,15,5,31,429,43,47,0.48,0.47,0.01,26,314,0.08,0.72,0.6
2017-18 Regular Season,Trent Fox,F,N,Mississauga Steelheads,1997-07-16,60,18,12,6,36,423,51,51,0.5,0.52,-0.02,30,309,0.1,0.71,0.59
2017-18 Regular Season,Kyle Maksimovich,F,N,Erie Otters,1998-03-10,65,24,12,10,46,429,62,60,0.51,0.47,0.04,36,314,0.11,0.74,0.58
2017-18 Regular Season,Taylor Raddysh,F,N,Erie Otters,1998-02-18,58,22,19,7,48,568,67,47,0.59,0.54,0.05,41,411,0.1,0.72,0.61
2017-18 Regular Season,Kevin Hancock,F,N,Owen Sound Attack,1998-03-02,53,15,20,9,44,529,66,47,0.58,0.53,0.05,35,389,0.09,0.67,0.53
2017-18 Regular Season,Adrian Carbonara,F,N,London Knights,1997-03-12,43,3,2,2,7,395,16,34,0.32,0.48,-0.16,5,291,0.02,0.44,0.31
2017-18 Regular Season,Jacob Friend,D,N,Owen Sound Attack,1997-07-28,61,1,12,10,23,529,85,73,0.54,0.53,0.01,13,389,0.03,0.27,0.15
2017-18 Regular Season,Eric Henderson,F,N,Oshawa Generals,1998-04-23,66,7,11,4,22,435,38,35,0.52,0.5,0.02,18,322,0.06,0.58,0.47
2017-18 Regular Season,Johnathon Schaefer,D,N,Niagara IceDogs,1998-04-04,53,1,3,2,6,432,36,39,0.48,0.49,-0.01,4,316,0.01,0.17,0.11
2017-18 Regular Season,Kyle Langdon,F,N,Niagara IceDogs,1998-08-26,56,3,6,0,9,432,17,30,0.36,0.49,-0.13,9,316,0.03,0.53,0.53
2017-18 Regular Season,Jacob Cascagnette,F,N,Mississauga Steelheads,1997-03-22,64,8,9,4,21,423,27,45,0.38,0.52,-0.14,17,309,0.06,0.78,0.63
2017-18 Regular Season,Luke Burghardt,F,N,North Bay Battalion,1998-05-12,68,22,14,12,48,371,58,53,0.52,0.47,0.05,36,281,0.13,0.83,0.62
2017-18 Regular Season,Evan Krassey,F,N,Sudbury Wolves,1998-04-01,6,2,0,1,3,366,7,6,0.54,0.47,0.07,2,276,0.01,0.43,0.29
2017-18 Regular Season,Chase Campbell,F,N,Owen Sound Attack,1998-06-24,57,3,10,6,19,529,32,39,0.45,0.53,-0.08,13,389,0.03,0.59,0.41
2017-18 Regular Season,Jacob Collins,F,N,Flint Firebirds,1998-04-20,61,3,4,0,7,320,22,51,0.3,0.42,-0.12,7,247,0.03,0.32,0.32
2017-18 Regular Season,Riley Stillman,D,N,Hamilton Bulldogs,1998-03-09,62,5,12,10,27,468,64,42,0.6,0.55,0.05,17,340,0.05,0.42,0.27
2017-18 Regular Season,Domenico Commisso,F,N,Oshawa Generals,1998-02-19,63,18,12,12,42,435,46,47,0.49,0.5,-0.01,30,322,0.09,0.91,0.65
2017-18 Regular Season,Mac Hollowell,D,N,Sault Ste. Marie Greyhounds,1998-09-26,63,10,13,11,34,568,72,44,0.62,0.54,0.08,23,411,0.06,0.47,0.32
2017-18 Regular Season,Franco Sproviero,F,N,Sarnia Sting,1998-08-05,64,7,16,5,28,553,38,31,0.55,0.55,0,23,411,0.06,0.74,0.61
2017-18 Regular Season,Logan DeNoble,F,N,Peterborough Petes,1997-10-15,59,14,9,5,28,363,37,43,0.46,0.45,0.01,23,278,0.08,0.76,0.62
2017-18 Regular Season,Mitchell Byrne,D,N,Erie Otters,1998-03-04,48,0,2,2,4,444,17,45,0.27,0.54,-0.27,2,323,0.01,0.24,0.12
2017-18 Regular Season,Hakon Nilsen,D,N,Flint Firebirds,1998-02-04,61,0,2,4,6,320,36,60,0.38,0.42,-0.04,2,247,0.01,0.17,0.06
2017-18 Regular Season,Liam Stevens,F,N,Guelph Storm,1999-04-23,4,1,0,0,1,411,1,2,0.33,0.46,-0.13,1,301,0,1,1
2017-18 Regular Season,Isaac Ratcliffe,F,N,Guelph Storm,1999-02-15,67,27,8,5,40,411,53,76,0.41,0.46,-0.05,35,301,0.12,0.75,0.66
2017-18 Regular Season,Cam Dineen,D,N,North Bay Battalion,1998-06-19,65,10,9,15,34,553,73,70,0.51,0.55,-0.04,19,411,0.05,0.47,0.26
2017-18 Regular Season,Brady Lyle,D,N,North Bay Battalion,1999-06-06,63,8,6,7,21,529,67,48,0.58,0.53,0.05,14,389,0.04,0.31,0.21
2017-18 Regular Season,Max Kislinger,F,N,Flint Firebirds,1998-02-11,58,6,4,4,14,320,25,36,0.41,0.42,-0.01,10,247,0.04,0.56,0.4
2017-18 Regular Season,Elijah Roberts,D,N,Niagara IceDogs,1999-01-23,64,6,2,8,16,432,55,46,0.54,0.49,0.05,8,316,0.03,0.29,0.15
2017-18 Regular Season,Joseph Garreffa,F,N,Kitchener Rangers,1999-08-09,68,8,17,17,42,479,67,57,0.54,0.54,0,25,352,0.07,0.63,0.37
2017-18 Regular Season,Jake Henderson,F,N,Kitchener Rangers,1997-02-12,68,12,9,7,28,479,48,42,0.53,0.54,-0.01,21,352,0.06,0.58,0.44
2017-18 Regular Season,Nick McHugh,F,N,Kitchener Rangers,1999-02-13,66,8,9,6,23,479,29,32,0.48,0.54,-0.06,17,352,0.05,0.79,0.59
2017-18 Regular Season,Brendan Harrogate,F,N,Mississauga Steelheads,1998-02-13,54,8,8,5,21,423,37,29,0.56,0.52,0.04,16,309,0.05,0.57,0.43
2017-18 Regular Season,Owen Tippett,F,N,Mississauga Steelheads,1999-02-16,51,23,12,9,44,423,59,52,0.53,0.52,0.01,35,309,0.11,0.75,0.59
2017-18 Regular Season,Luke Kutkevicius,F,N,Windsor Spitfires,1998-03-25,40,12,4,3,19,418,27,19,0.59,0.51,0.08,16,311,0.05,0.7,0.59
2017-18 Regular Season,Jacob Ball,F,N,North Bay Battalion,1999-01-16,4,0,0,0,0,371,1,2,0.33,0.47,-0.14,0,281,0,0,0
2017-18 Regular Season,Kyle Potts,F,N,North Bay Battalion,1998-05-26,61,7,9,7,23,371,33,32,0.51,0.47,0.04,16,281,0.06,0.7,0.48
2017-18 Regular Season,Jakob Brahaney,D,N,Kingston Frontenacs,1999-03-26,67,4,9,4,17,444,73,50,0.59,0.54,0.05,13,323,0.04,0.23,0.18
2017-18 Regular Season,Jacob Paquette,D,N,Kingston Frontenacs,1999-05-26,63,3,6,2,11,444,63,46,0.58,0.54,0.04,9,323,0.03,0.17,0.14
2017-18 Regular Season,Ben Jones,F,N,Niagara IceDogs,1999-02-26,68,13,18,11,42,432,57,43,0.57,0.49,0.08,31,316,0.1,0.74,0.54
2017-18 Regular Season,Austen Keating,F,N,Ottawa 67's,1999-03-07,66,14,10,7,31,402,51,52,0.5,0.47,0.03,24,304,0.08,0.61,0.47
2017-18 Regular Season,Hudson Wilson,D,N,Ottawa 67's,1999-05-03,66,1,3,5,9,402,46,48,0.49,0.47,0.02,4,304,0.01,0.2,0.09
2017-18 Regular Season,Noel Hoefenmayer,D,N,Ottawa 67's,1999-01-06,65,7,9,5,21,402,61,64,0.49,0.47,0.02,16,304,0.05,0.34,0.26
2017-18 Regular Season,Hayden Davis,D,N,Saginaw Spirit,1999-07-21,68,3,9,10,22,365,60,64,0.48,0.46,0.02,12,267,0.04,0.37,0.2
2017-18 Regular Season,David Levin,F,Y,Sudbury Wolves,1999-09-16,46,9,6,4,19,366,25,52,0.32,0.47,-0.15,15,276,0.05,0.76,0.6
2017-18 Regular Season,Dmitry Sokolov,F,N,Barrie Colts,1998-04-14,64,30,22,12,64,366,78,66,0.54,0.47,0.07,52,276,0.19,0.82,0.67
2017-18 Regular Season,Max Jones,F,N,Kingston Frontenacs,1998-02-17,31,11,3,1,15,395,23,23,0.5,0.48,0.02,14,291,0.05,0.65,0.61
2017-18 Regular Season,Robert Thomas,F,N,Hamilton Bulldogs,1999-07-02,49,14,19,10,43,468,55,33,0.62,0.55,0.07,33,340,0.1,0.78,0.6
2017-18 Regular Season,Evan Bouchard,D,Y,London Knights,1999-10-20,67,13,17,15,45,395,82,66,0.55,0.48,0.07,30,291,0.1,0.55,0.37
2017-18 Regular Season,Sam Miletic,F,N,London Knights,1997-05-04,63,22,18,16,56,395,74,43,0.63,0.48,0.15,40,291,0.14,0.76,0.54
2017-18 Regular Season,Kole Sherwood,F,N,Kitchener Rangers,1997-01-22,57,23,14,4,41,479,62,41,0.6,0.54,0.06,37,352,0.11,0.66,0.6
2017-18 Regular Season,Nicolas Mattinen,D,N,Flint Firebirds,1998-03-05,64,5,4,9,18,468,69,74,0.48,0.55,-0.07,9,340,0.03,0.26,0.13
2017-18 Regular Season,Justin Murray,D,N,Barrie Colts,1998-08-22,62,5,7,8,20,545,73,57,0.56,0.52,0.04,12,398,0.03,0.27,0.16
2017-18 Regular Season,Jalen Smereck,D,N,Flint Firebirds,1997-01-15,46,8,6,6,20,320,41,80,0.34,0.42,-0.08,14,247,0.06,0.49,0.34
2017-18 Regular Season,Kyle MacLean,F,N,Oshawa Generals,1999-04-29,44,8,8,8,24,435,32,25,0.56,0.5,0.06,16,322,0.05,0.75,0.5
2017-18 Regular Season,Jack Studnicka,F,N,Oshawa Generals,1999-02-18,66,11,20,7,38,435,59,37,0.61,0.5,0.11,31,322,0.1,0.64,0.53
2017-18 Regular Season,Sasha Chmelevski,F,N,Ottawa 67's,1999-06-09,68,26,14,12,52,402,74,65,0.53,0.47,0.06,40,304,0.13,0.7,0.54
2017-18 Regular Season,Ryan McGregor,F,N,Sarnia Sting,1999-01-29,50,10,9,7,26,553,40,31,0.56,0.55,0.01,19,411,0.05,0.65,0.48
2017-18 Regular Season,C.J. Clarke,F,N,Flint Firebirds,1999-02-08,66,11,6,3,20,320,27,45,0.38,0.42,-0.04,17,247,0.07,0.74,0.63
2017-18 Regular Season,Zach Gallant,F,N,Peterborough Petes,1999-03-06,54,6,10,1,17,363,33,33,0.5,0.45,0.05,16,278,0.06,0.52,0.48
2017-18 Regular Season,Cole Fraser,D,N,Peterborough Petes,1999-08-23,50,3,3,4,10,363,32,44,0.42,0.45,-0.03,6,278,0.02,0.31,0.19
2017-18 Regular Season,Nick Grima,D,N,Sarnia Sting,1999-03-07,65,1,5,9,15,553,64,46,0.58,0.55,0.03,6,411,0.01,0.23,0.09
2017-18 Regular Season,Ryan Cranford,F,N,Kingston Frontenacs,1998-04-09,68,12,6,9,27,444,40,44,0.48,0.54,-0.06,18,323,0.06,0.68,0.45
2017-18 Regular Season,Jason Robertson,F,N,Kingston Frontenacs,1999-07-22,68,26,14,11,51,444,68,49,0.58,0.54,0.04,40,323,0.12,0.75,0.59
2017-18 Regular Season,Nolan Gardiner,F,N,Ottawa 67's,1998-09-09,18,1,0,0,1,402,3,12,0.2,0.47,-0.27,1,304,0,0.33,0.33
2017-18 Regular Season,Brady Gilmour,F,N,Saginaw Spirit,1999-04-18,41,8,4,3,15,365,26,24,0.52,0.46,0.06,12,267,0.04,0.58,0.46
2017-18 Regular Season,Cole Coskey,F,N,Saginaw Spirit,1999-06-01,68,15,6,5,26,365,36,45,0.44,0.46,-0.02,21,267,0.08,0.72,0.58
2017-18 Regular Season,Kirill Maksimov,F,N,Niagara IceDogs,1999-06-01,62,18,16,10,44,432,63,33,0.66,0.49,0.17,34,316,0.11,0.7,0.54
2017-18 Regular Season,Matthew Strome,F,N,Hamilton Bulldogs,1999-01-06,65,24,11,7,42,468,57,52,0.52,0.55,-0.03,35,340,0.1,0.74,0.61
2017-18 Regular Season,Joseph Mizzi,F,N,Windsor Spitfires,1998-04-19,4,0,0,0,0,418,0,0,,0.51,,0,311,0,,
2017-18 Regular Season,MacKenzie Entwistle,F,N,Hamilton Bulldogs,1999-07-14,49,11,11,7,29,468,44,30,0.59,0.55,0.04,22,340,0.06,0.66,0.5
2017-18 Regular Season,Reilly Webb,D,N,Hamilton Bulldogs,1999-05-04,66,1,3,0,4,468,31,45,0.41,0.55,-0.14,4,340,0.01,0.13,0.13
2017-18 Regular Season,Fedor Gordeev,D,N,Flint Firebirds,1999-01-27,67,4,6,4,14,320,51,89,0.36,0.42,-0.06,10,247,0.04,0.27,0.2
2017-18 Regular Season,Nicolas Hague,D,N,Mississauga Steelheads,1998-12-05,67,20,11,10,41,423,94,89,0.51,0.52,-0.01,31,309,0.1,0.44,0.33
2017-18 Regular Season,Austin Osmanski,D,N,Mississauga Steelheads,1998-04-30,65,1,5,9,15,423,51,56,0.48,0.52,-0.04,6,309,0.02,0.29,0.12
2017-18 Regular Season,Kyle Auger,D,N,Ottawa 67's,1999-01-02,7,0,1,1,2,402,4,3,0.57,0.47,0.1,1,304,0,0.5,0.25
2017-18 Regular Season,Luke Boka,F,N,Windsor Spitfires,1999-06-12,64,14,9,10,33,418,46,50,0.48,0.51,-0.03,23,311,0.07,0.72,0.5
2017-18 Regular Season,Gabriel Vilardi,F,N,Kingston Frontenacs,1999-08-16,32,13,15,8,36,444,45,22,0.67,0.54,0.13,28,323,0.09,0.8,0.62
2017-18 Regular Season,Cole Carter,F,N,Kitchener Rangers,1998-07-06,66,20,9,5,34,479,47,40,0.54,0.54,0,29,352,0.08,0.72,0.62
2017-18 Regular Season,Matt Brassard,D,N,Oshawa Generals,1998-08-08,67,8,10,9,27,435,76,61,0.55,0.5,0.05,18,322,0.06,0.36,0.24
2017-18 Regular Season,Tyler Rollo,F,N,London Knights,1997-07-30,62,9,9,4,22,395,42,32,0.57,0.48,0.09,18,291,0.06,0.52,0.43
2017-18 Regular Season,Aidan Brown,F,Y,Barrie Colts,1999-09-23,57,7,6,3,16,545,25,19,0.57,0.52,0.05,13,398,0.03,0.64,0.52
2017-18 Regular Season,Markus Phillips,D,N,Owen Sound Attack,1999-03-21,68,6,13,8,27,529,71,61,0.54,0.53,0.01,19,389,0.05,0.38,0.27
2017-18 Regular Season,Matthew Struthers,F,Y,North Bay Battalion,1999-12-26,62,22,10,8,40,529,53,42,0.56,0.53,0.03,32,389,0.08,0.75,0.6
2017-18 Regular Season,Nick Suzuki,F,N,Owen Sound Attack,1999-08-10,64,27,21,13,61,529,83,57,0.59,0.53,0.06,48,389,0.12,0.73,0.58
2017-18 Regular Season,Sean Durzi,D,N,Owen Sound Attack,1998-10-21,40,9,8,10,27,529,59,39,0.6,0.53,0.07,17,389,0.04,0.46,0.29
2017-18 Regular Season,Nick Deakin-Poot,F,N,Guelph Storm,1999-01-28,2,0,0,1,1,411,1,2,0.33,0.46,-0.13,0,301,0,1,0
2017-18 Regular Season,Justin Brazeau,F,N,North Bay Battalion,1998-02-02,68,19,22,3,44,371,67,66,0.5,0.47,0.03,41,281,0.15,0.66,0.61
2017-18 Regular Season,Brad Chenier,F,N,North Bay Battalion,1999-01-20,66,14,8,3,25,371,46,45,0.51,0.47,0.04,22,281,0.08,0.54,0.48
2017-18 Regular Season,Sullivan Sparkes,F,N,Oshawa Generals,1999-05-04,4,0,0,0,0,435,1,1,0.5,0.5,0,0,322,0,0,0
2017-18 Regular Season,Christian Girhiny,F,N,Erie Otters,1998-08-21,56,7,8,3,18,429,33,37,0.47,0.47,0,15,314,0.05,0.55,0.45
2017-18 Regular Season,Ivan Lodnia,F,N,Erie Otters,1999-08-31,62,14,21,8,43,429,58,56,0.51,0.47,0.04,35,314,0.11,0.74,0.6
2017-18 Regular Season,Brett Neumann,F,N,Kingston Frontenacs,1999-02-15,68,12,11,9,32,444,46,49,0.48,0.54,-0.06,23,323,0.07,0.7,0.5
2017-18 Regular Season,Jordan Sambrook,D,N,Erie Otters,1998-04-11,67,7,10,15,32,568,98,63,0.61,0.54,0.07,17,411,0.04,0.33,0.17
2017-18 Regular Season,Josh Wainman,D,N,Erie Otters,1999-02-20,67,4,2,10,16,429,52,73,0.42,0.47,-0.05,6,314,0.02,0.31,0.12
2017-18 Regular Season,Nick Isaacson,F,N,Peterborough Petes,1999-08-11,29,3,2,1,6,363,15,17,0.47,0.45,0.02,5,278,0.02,0.4,0.33
2017-18 Regular Season,Nate Schnarr,F,N,Guelph Storm,1999-02-25,57,8,11,4,23,411,36,50,0.42,0.46,-0.04,19,301,0.06,0.64,0.53
2017-18 Regular Season,Ian McKinnon,F,N,London Knights,1998-03-05,45,0,3,2,5,395,7,17,0.29,0.48,-0.19,3,291,0.01,0.71,0.43
2017-18 Regular Season,Ryan McLeod,F,Y,Mississauga Steelheads,1999-09-21,68,18,12,11,41,423,60,49,0.55,0.52,0.03,30,309,0.1,0.68,0.5
2017-18 Regular Season,Macauley Carson,F,N,Sudbury Wolves,1999-03-12,48,8,6,4,18,366,24,35,0.41,0.47,-0.06,14,276,0.05,0.75,0.58
2017-18 Regular Season,Shane Bulitka,F,N,Sudbury Wolves,1999-07-09,67,9,11,9,29,366,44,49,0.47,0.47,0,20,276,0.07,0.66,0.45
2017-18 Regular Season,Ben Garagan,F,N,Hamilton Bulldogs,1999-01-06,50,1,3,3,7,468,13,13,0.5,0.55,-0.05,4,340,0.01,0.54,0.31
2017-18 Regular Season,Drake Pilon,F,N,Sudbury Wolves,1998-10-02,63,12,8,3,23,366,39,30,0.57,0.47,0.1,20,276,0.07,0.59,0.51
2017-18 Regular Season,Darian Pilon,F,N,Sudbury Wolves,1998-10-02,62,12,11,7,30,366,42,32,0.57,0.47,0.1,23,276,0.08,0.71,0.55
2017-18 Regular Season,Alan Lyszczarczyk,F,N,Owen Sound Attack,1998-02-17,59,19,8,5,32,529,46,35,0.57,0.53,0.04,27,389,0.07,0.7,0.59
2017-18 Regular Season,Cal Davis,F,N,Kingston Frontenacs,1999-03-21,15,2,0,0,2,444,6,6,0.5,0.54,-0.04,2,323,0.01,0.33,0.33
2017-18 Regular Season,Joshua Dame,F,N,Niagara IceDogs,1998-03-05,13,1,1,1,3,432,4,5,0.44,0.49,-0.05,2,316,0.01,0.75,0.5
2017-18 Regular Season,Anthony DeMeo,D,N,Sault Ste. Marie Greyhounds,1999-06-16,67,1,5,12,18,568,50,24,0.68,0.54,0.14,6,411,0.01,0.36,0.12
2017-18 Regular Season,Theo Calvas,D,N,Sarnia Sting,1998-08-06,68,3,10,8,21,553,90,67,0.57,0.55,0.02,13,411,0.03,0.23,0.14
2017-18 Regular Season,Morgan Frost,F,N,Sault Ste. Marie Greyhounds,1999-05-14,67,24,34,16,74,568,100,39,0.72,0.54,0.18,58,411,0.14,0.74,0.58
2017-18 Regular Season,Conor Timmins,D,N,Sault Ste. Marie Greyhounds,1998-09-18,36,4,10,9,23,568,44,28,0.61,0.54,0.07,14,411,0.03,0.52,0.32
2017-18 Regular Season,Liam Hawel,F,N,Guelph Storm,1999-04-18,62,10,10,8,28,411,46,50,0.48,0.46,0.02,20,301,0.07,0.61,0.43
2017-18 Regular Season,William Lochead,D,N,Niagara IceDogs,1998-03-30,55,5,2,2,9,432,43,35,0.55,0.49,0.06,7,316,0.02,0.21,0.16
2017-18 Regular Season,Zachary Magwood,F,N,Barrie Colts,1998-04-22,65,18,17,8,43,545,58,36,0.62,0.52,0.1,35,398,0.09,0.74,0.6
2017-18 Regular Season,Kade Landry,D,N,Barrie Colts,1999-05-03,61,2,7,8,17,468,51,35,0.59,0.55,0.04,9,340,0.03,0.33,0.18
2017-18 Regular Season,Greg Meireles,F,N,Kitchener Rangers,1999-01-01,55,9,6,10,25,479,42,36,0.54,0.54,0,15,352,0.04,0.6,0.36
2017-18 Regular Season,Calvin Martin,F,Y,Sault Ste. Marie Greyhounds,1999-09-16,19,0,0,0,0,568,3,4,0.43,0.54,-0.11,0,411,0,0,0
2017-18 Regular Season,Zachary Roberts,F,N,Owen Sound Attack,1999-08-04,23,3,2,3,8,529,13,9,0.59,0.53,0.06,5,389,0.01,0.62,0.38
2017-18 Regular Season,Aidan McFarland,F,N,Mississauga Steelheads,1999-04-05,4,0,0,0,0,423,0,2,0,0.52,-0.52,0,309,0,,
2017-18 Regular Season,Tyler Burnie,F,N,Kingston Frontenacs,1999-02-09,55,11,5,4,20,444,29,31,0.48,0.54,-0.06,16,323,0.05,0.69,0.55
2017-18 Regular Season,Cedric Ralph,F,N,Guelph Storm,1999-01-21,68,23,6,3,32,411,42,58,0.42,0.46,-0.04,29,301,0.1,0.76,0.69
2017-18 Regular Season,Conor Ali,D,N,Kingston Frontenacs,1999-03-09,65,0,4,5,9,366,36,30,0.55,0.47,0.08,4,276,0.01,0.25,0.11
2017-18 Regular Season,Serron Noel,F,Y,Oshawa Generals,2000-08-08,62,22,12,7,41,435,49,48,0.51,0.5,0.01,34,322,0.11,0.84,0.69
2017-18 Regular Season,Giovanni Vallati,D,Y,Kitchener Rangers,2000-02-21,65,2,6,12,20,479,59,53,0.53,0.54,-0.01,8,352,0.02,0.34,0.14
2017-18 Regular Season,Riley Damiani,F,Y,Kitchener Rangers,2000-03-20,64,12,8,4,24,479,41,43,0.49,0.54,-0.05,20,352,0.06,0.59,0.49
2017-18 Regular Season,Adam McMaster,F,Y,North Bay Battalion,2000-02-24,64,5,12,4,21,371,36,42,0.46,0.47,-0.01,17,281,0.06,0.58,0.47
2017-18 Regular Season,Adam Thilander,D,N,North Bay Battalion,1998-09-18,68,5,4,8,17,371,58,65,0.47,0.47,0,9,281,0.03,0.29,0.16
2017-18 Regular Season,Eemeli Rasanen,D,N,Kingston Frontenacs,1999-03-06,61,3,6,9,18,444,63,50,0.56,0.54,0.02,9,323,0.03,0.29,0.14
2017-18 Regular Season,Danil Antropov,F,N,Oshawa Generals,2000-12-20,59,10,7,5,22,435,36,39,0.48,0.5,-0.02,17,322,0.05,0.61,0.47
2017-18 Regular Season,Max Grondin,F,Y,Saginaw Spirit,2000-07-04,66,11,11,3,25,365,38,40,0.49,0.46,0.03,22,267,0.08,0.66,0.58
2017-18 Regular Season,Damien Giroux,F,Y,Saginaw Spirit,2000-03-03,68,11,5,10,26,365,39,49,0.44,0.46,-0.02,16,267,0.06,0.67,0.41
2017-18 Regular Season,Eric Guest,F,Y,Kitchener Rangers,2000-04-25,43,4,2,1,7,479,12,15,0.44,0.54,-0.1,6,352,0.02,0.58,0.5
2017-18 Regular Season,Gianluca Fuoco,F,N,Erie Otters,1999-01-01,1,0,0,0,0,429,0,2,0,0.47,-0.47,0,314,0,,
2017-18 Regular Season,Alex Peterson,D,N,Kitchener Rangers,1999-05-26,7,0,0,0,0,479,4,1,0.8,0.54,0.26,0,352,0,0,0
2017-18 Regular Season,Cedric Schiemenz,F,N,Windsor Spitfires,1999-03-01,25,1,4,3,8,418,16,14,0.53,0.51,0.02,5,311,0.02,0.5,0.31
2017-18 Regular Season,Rhys Forhan,F,Y,North Bay Battalion,2000-01-17,38,1,4,2,7,371,15,15,0.5,0.47,0.03,5,281,0.02,0.47,0.33
2017-18 Regular Season,Linus Nyman,F,N,Kingston Frontenacs,1999-07-11,67,31,20,12,63,444,81,49,0.62,0.54,0.08,51,323,0.16,0.78,0.63
2017-18 Regular Season,Nathan Dunkley,F,Y,Kingston Frontenacs,2000-03-05,60,13,15,12,40,395,60,36,0.62,0.48,0.14,28,291,0.1,0.67,0.47
2017-18 Regular Season,Sergey Popov,F,Y,Kingston Frontenacs,2000-03-27,63,9,7,5,21,395,32,31,0.51,0.48,0.03,16,291,0.05,0.66,0.5
2017-18 Regular Season,Ryan Merkley,D,Y,Guelph Storm,2000-08-14,63,9,15,6,30,411,59,75,0.44,0.46,-0.02,24,301,0.08,0.51,0.41
2017-18 Regular Season,Luke Moncada,F,Y,North Bay Battalion,2000-05-29,67,8,8,6,22,371,28,30,0.48,0.47,0.01,16,281,0.06,0.79,0.57
2017-18 Regular Season,Albert Michnac,F,N,Mississauga Steelheads,1998-10-18,59,15,16,14,45,423,57,52,0.52,0.52,0,31,309,0.1,0.79,0.54
2017-18 Regular Season,Dmitri Samorukov,D,N,Guelph Storm,1999-06-16,62,6,5,10,21,411,56,65,0.46,0.46,0,11,301,0.04,0.38,0.2
2017-18 Regular Season,Alex Gritz,F,Y,Erie Otters,2000-09-15,67,12,7,10,29,429,42,52,0.45,0.47,-0.02,19,314,0.06,0.69,0.45
2017-18 Regular Season,Barrett Hayton,F,Y,Sault Ste. Marie Greyhounds,2000-06-09,63,12,15,9,36,568,52,27,0.66,0.54,0.12,27,411,0.07,0.69,0.52
2017-18 Regular Season,Liam Foudy,F,Y,London Knights,2000-02-04,65,14,7,4,25,395,36,41,0.47,0.48,-0.01,21,291,0.07,0.69,0.58
2017-18 Regular Season,Jacob Golden,D,N,London Knights,1999-03-20,63,2,3,8,13,395,38,42,0.48,0.48,0,5,291,0.02,0.34,0.13
2017-18 Regular Season,Ian Blacker,D,N,Oshawa Generals,1999-05-27,48,1,3,2,6,435,31,30,0.51,0.5,0.01,4,322,0.01,0.19,0.13
2017-18 Regular Season,Richard Whittaker,F,Y,London Knights,2000-04-08,54,4,4,4,12,395,21,25,0.46,0.48,-0.02,8,291,0.03,0.57,0.38
2017-18 Regular Season,Billy Moskal,F,Y,London Knights,2000-03-22,66,6,6,6,18,395,33,33,0.5,0.48,0.02,12,291,0.04,0.55,0.36
2017-18 Regular Season,Cole Tymkin,F,N,London Knights,1999-04-05,58,6,10,1,17,395,30,31,0.49,0.48,0.01,16,291,0.05,0.57,0.53
2017-18 Regular Season,Alex Formenton,F,N,London Knights,1999-09-13,48,16,7,5,28,395,39,35,0.53,0.48,0.05,23,291,0.08,0.72,0.59
2017-18 Regular Season,Josh Nelson,F,N,London Knights,1999-05-27,65,8,5,2,15,395,20,27,0.43,0.48,-0.05,13,291,0.04,0.75,0.65
2017-18 Regular Season,Connor Roberts,F,Y,Flint Firebirds,2000-02-22,66,12,10,3,25,468,43,69,0.38,0.55,-0.17,22,340,0.06,0.58,0.51
2017-18 Regular Season,Adam Ruzicka,F,N,Sarnia Sting,1999-05-11,63,23,13,5,41,553,69,44,0.61,0.55,0.06,36,411,0.09,0.59,0.52
2017-18 Regular Season,Sean Josling,F,N,Sarnia Sting,1999-03-22,68,18,9,5,32,553,43,43,0.5,0.55,-0.05,27,411,0.07,0.74,0.63
2017-18 Regular Season,Curtis Egert,F,N,Sarnia Sting,1999-02-04,35,4,1,5,10,553,18,19,0.49,0.55,-0.06,5,411,0.01,0.56,0.28
2017-18 Regular Season,Kelton Hatcher,D,N,Sarnia Sting,1999-04-19,62,0,4,6,10,553,50,59,0.46,0.55,-0.09,4,411,0.01,0.2,0.08
2017-18 Regular Season,Jordan Ernst,F,N,Sarnia Sting,1997-06-18,68,21,11,5,37,553,48,33,0.59,0.55,0.04,32,411,0.08,0.77,0.67
2017-18 Regular Season,Tyler Tucker,D,Y,Barrie Colts,2000-03-01,59,1,6,12,19,545,69,44,0.61,0.52,0.09,7,398,0.02,0.28,0.1
2017-18 Regular Season,Christopher Cameron,D,N,Barrie Colts,1999-05-29,63,1,3,4,8,545,38,27,0.58,0.52,0.06,4,398,0.01,0.21,0.11
2017-18 Regular Season,Jason Willms,F,N,Barrie Colts,1999-02-08,68,19,17,4,40,545,59,36,0.62,0.52,0.1,36,398,0.09,0.68,0.61
2017-18 Regular Season,Peter Stratis,D,Y,Ottawa 67's,2000-01-18,67,5,5,3,13,366,47,63,0.43,0.47,-0.04,10,276,0.04,0.28,0.21
2017-18 Regular Season,Carter Robertson,D,Y,Ottawa 67's,2000-01-15,57,5,4,5,14,402,47,56,0.46,0.47,-0.01,9,304,0.03,0.3,0.19
2017-18 Regular Season,Kevin Bahl,D,Y,Ottawa 67's,2000-06-27,58,1,6,8,15,402,43,65,0.4,0.47,-0.07,7,304,0.02,0.35,0.16
2017-18 Regular Season,Kody Clark,F,Y,Ottawa 67's,1999-10-13,56,11,9,8,28,402,42,33,0.56,0.47,0.09,20,304,0.07,0.67,0.48
2017-18 Regular Season,Michael Little,F,Y,Mississauga Steelheads,2000-02-21,65,13,5,5,23,423,37,33,0.53,0.52,0.01,18,309,0.06,0.62,0.49
2017-18 Regular Season,Jacob Moverare,D,N,Mississauga Steelheads,1998-08-31,32,1,1,6,8,423,31,34,0.48,0.52,-0.04,2,309,0.01,0.26,0.06
2017-18 Regular Season,Akil Thomas,F,Y,Niagara IceDogs,2000-01-02,68,16,18,13,47,432,64,45,0.59,0.49,0.1,34,316,0.11,0.73,0.53
2017-18 Regular Season,Maksim Sushko,F,N,Owen Sound Attack,1999-02-10,60,21,12,8,41,529,54,47,0.53,0.53,0,33,389,0.08,0.76,0.61
2017-18 Regular Season,Brock Hill,D,N,Saginaw Spirit,1999-01-27,22,0,3,2,5,365,7,15,0.32,0.46,-0.14,3,267,0.01,0.71,0.43
2017-18 Regular Season,William Ennis,D,Y,Oshawa Generals,2000-05-31,66,1,0,9,10,435,54,59,0.48,0.5,-0.02,1,322,0,0.19,0.02
2017-18 Regular Season,Riley McCourt,D,Y,Flint Firebirds,2000-06-26,56,3,6,5,14,468,35,46,0.43,0.55,-0.12,9,340,0.03,0.4,0.26
2017-18 Regular Season,Emmett Gordon,D,Y,Kingston Frontenacs,2000-01-31,44,0,1,1,2,444,14,18,0.44,0.54,-0.1,1,323,0,0.14,0.07
2017-18 Regular Season,Marian Studenic,F,N,Hamilton Bulldogs,1998-10-28,62,14,13,7,34,468,54,29,0.65,0.55,0.1,27,340,0.08,0.63,0.5
2017-18 Regular Season,Justin Pringle,F,Y,Kingston Frontenacs,2000-03-08,25,3,1,0,4,444,7,4,0.64,0.54,0.1,4,323,0.01,0.57,0.57
2017-18 Regular Season,Zachary Jackson,F,N,Hamilton Bulldogs,1999-01-11,42,3,2,2,7,468,10,10,0.5,0.55,-0.05,5,340,0.01,0.7,0.5
2017-18 Regular Season,Paul Larabie,F,Y,Kingston Frontenacs,2000-01-28,51,0,1,6,7,444,11,11,0.5,0.54,-0.04,1,323,0,0.64,0.09
2017-18 Regular Season,Colin Van Den Hurk,D,N,Kingston Frontenacs,1999-05-26,1,0,0,0,0,444,0,1,0,0.54,-0.54,0,323,0,,
2017-18 Regular Season,Isaac Nurse,F,N,Hamilton Bulldogs,1999-03-16,68,13,9,3,25,468,41,32,0.56,0.55,0.01,22,340,0.06,0.61,0.54
2017-18 Regular Season,Riley Coome,D,N,London Knights,1999-07-07,61,0,1,4,5,395,28,29,0.49,0.48,0.01,1,291,0,0.18,0.04
2017-18 Regular Season,Mitchell Hoelscher,F,Y,Ottawa 67's,2000-01-27,67,6,10,5,21,402,32,31,0.51,0.47,0.04,16,304,0.05,0.66,0.5
2017-18 Regular Season,Barret Kirwin,F,Y,Guelph Storm,2000-02-18,68,8,11,6,25,411,37,49,0.43,0.46,-0.03,19,301,0.06,0.68,0.51
2017-18 Regular Season,Liam Ham,D,N,Niagara IceDogs,1999-02-03,63,2,5,8,15,432,49,49,0.5,0.49,0.01,7,316,0.02,0.31,0.14
2017-18 Regular Season,Ondrej Machala,F,N,Niagara IceDogs,1999-01-11,17,1,1,1,3,432,2,12,0.14,0.49,-0.35,2,316,0.01,1.5,1
2017-18 Regular Season,Ty Dellandrea,F,Y,Flint Firebirds,2000-07-21,67,13,13,6,32,320,46,78,0.37,0.42,-0.05,26,247,0.11,0.7,0.57
2017-18 Regular Season,Kyle Bollers,F,N,Saginaw Spirit,1999-03-12,56,7,3,6,16,365,25,29,0.46,0.46,0,10,267,0.04,0.64,0.4
2017-18 Regular Season,Jake Durham,F,N,Flint Firebirds,1999-04-07,68,4,10,5,19,320,27,54,0.33,0.42,-0.09,14,247,0.06,0.7,0.52
2017-18 Regular Season,Danial Singer,F,N,Niagara IceDogs,1999-02-10,67,12,7,8,27,432,39,31,0.56,0.49,0.07,19,316,0.06,0.69,0.49
2017-18 Regular Season,Justin MacPherson,D,Y,Niagara IceDogs,2000-06-23,66,0,6,9,15,432,52,56,0.48,0.49,-0.01,6,316,0.02,0.29,0.12
2017-18 Regular Season,Drew Hunter,D,N,Niagara IceDogs,1999-02-06,51,4,4,1,9,432,30,32,0.48,0.49,-0.01,8,316,0.03,0.3,0.27
2017-18 Regular Season,Matthew Philip,F,N,Niagara IceDogs,1999-05-31,68,15,11,4,30,432,39,43,0.48,0.49,-0.01,26,316,0.08,0.77,0.67
2017-18 Regular Season,Kyle Heitzner,F,N,Barrie Colts,1999-07-17,58,5,5,2,12,545,18,23,0.44,0.52,-0.08,10,398,0.03,0.67,0.56
2017-18 Regular Season,Jaden Peca,F,N,Barrie Colts,1999-04-18,64,10,18,11,39,545,56,29,0.66,0.52,0.14,28,398,0.07,0.7,0.5
2017-18 Regular Season,Hunter Holmes,F,Y,Flint Firebirds,2000-01-25,40,9,5,2,16,320,21,33,0.39,0.42,-0.03,14,247,0.06,0.76,0.67
2017-18 Regular Season,Ryan Littlejohn,F,Y,Flint Firebirds,2000-02-11,65,3,4,4,11,320,14,47,0.23,0.42,-0.19,7,247,0.03,0.79,0.5
2017-18 Regular Season,Jack Phibbs,F,N,Flint Firebirds,1999-03-05,55,3,3,3,9,320,18,38,0.32,0.42,-0.1,6,247,0.02,0.5,0.33
2017-18 Regular Season,Dennis Busby,D,Y,Flint Firebirds,2000-01-06,2,0,0,0,0,320,0,2,0,0.42,-0.42,0,247,0,,
2017-18 Regular Season,Liam Peyton,F,Y,Kitchener Rangers,2000-03-30,3,0,0,0,0,479,0,1,0,0.54,-0.54,0,352,0,,
2017-18 Regular Season,Austin McEneny,D,N,Kitchener Rangers,1997-04-10,61,6,8,8,22,479,64,59,0.52,0.54,-0.02,14,352,0.04,0.34,0.22
2017-18 Regular Season,Tyler Angle,F,N,Windsor Spitfires,2000-09-30,67,10,4,3,17,418,31,46,0.4,0.51,-0.11,14,311,0.05,0.55,0.45
2017-18 Regular Season,Connor Corcoran,D,Y,Windsor Spitfires,2000-08-07,63,3,5,9,17,418,55,64,0.46,0.51,-0.05,8,311,0.03,0.31,0.15
2017-18 Regular Season,Chris Playfair,F,Y,Windsor Spitfires,2000-05-31,66,4,7,5,16,418,27,31,0.47,0.51,-0.04,11,311,0.04,0.59,0.41
2017-18 Regular Season,Cole Purboo,F,N,Windsor Spitfires,1999-06-18,68,13,12,7,32,418,45,44,0.51,0.51,0,25,311,0.08,0.71,0.56
2017-18 Regular Season,Cole Cameron,D,N,Owen Sound Attack,1998-05-09,66,1,2,7,10,529,38,39,0.49,0.53,-0.04,3,389,0.01,0.26,0.08
2017-18 Regular Season,Luke Beamish,D,Y,Erie Otters,2000-06-15,39,0,2,1,3,529,9,22,0.29,0.53,-0.24,2,389,0.01,0.33,0.22
2017-18 Regular Season,Aidan Dudas,F,Y,Owen Sound Attack,2000-06-15,68,24,12,10,46,529,65,59,0.52,0.53,-0.01,36,389,0.09,0.71,0.55
2017-18 Regular Season,Shaw Boomhower,F,N,Mississauga Steelheads,1998-10-31,39,5,3,2,10,423,18,20,0.47,0.52,-0.05,8,309,0.03,0.56,0.44
2017-18 Regular Season,Jacob LeGuerrier,D,N,Sault Ste. Marie Greyhounds,2000-11-22,62,0,5,5,10,568,38,26,0.59,0.54,0.05,5,411,0.01,0.26,0.13
2017-18 Regular Season,Holden Wale,D,Y,Sault Ste. Marie Greyhounds,2000-07-28,37,1,1,2,4,568,17,5,0.77,0.54,0.23,2,411,0,0.24,0.12
2017-18 Regular Season,Brady Hinz,F,Y,Peterborough Petes,2000-05-03,68,14,13,7,34,553,47,54,0.47,0.55,-0.08,27,411,0.07,0.72,0.57
2017-18 Regular Season,Pavel Gogolev,F,Y,Peterborough Petes,2000-02-19,66,26,7,6,39,363,56,62,0.47,0.45,0.02,33,278,0.12,0.7,0.59
2017-18 Regular Season,Semyon Der-Arguchintsev,F,Y,Peterborough Petes,2000-09-15,68,7,12,11,30,363,47,55,0.46,0.45,0.01,19,278,0.07,0.64,0.4
2017-18 Regular Season,Declan Chisholm,D,Y,Peterborough Petes,2000-01-12,47,3,3,5,11,363,37,38,0.49,0.45,0.04,6,278,0.02,0.3,0.16
2017-18 Regular Season,Matyas Svoboda,F,N,Peterborough Petes,1999-01-02,34,2,0,1,3,363,7,13,0.35,0.45,-0.1,2,278,0.01,0.43,0.29
2017-18 Regular Season,Owen Lalonde,D,Y,Guelph Storm,2000-02-01,67,1,8,7,16,411,49,61,0.45,0.46,-0.01,9,301,0.03,0.33,0.18
2017-18 Regular Season,Owen Gilhula,F,Y,Sudbury Wolves,2000-05-11,52,4,5,0,9,366,15,44,0.25,0.47,-0.22,9,276,0.03,0.6,0.6
2017-18 Regular Season,Dawson Baker,F,Y,Sudbury Wolves,2000-04-10,61,6,4,2,12,366,27,40,0.4,0.47,-0.07,10,276,0.04,0.44,0.37
2017-18 Regular Season,Kyle Gentles,D,N,Kitchener Rangers,1998-05-30,60,2,5,4,11,479,43,49,0.47,0.54,-0.07,7,352,0.02,0.26,0.16
2017-18 Regular Season,Matthew Titus,F,N,Mississauga Steelheads,1999-05-15,11,0,0,0,0,423,0,5,0,0.52,-0.52,0,309,0,,
2017-18 Regular Season,Eric Allair,D,N,North Bay Battalion,1999-07-01,13,0,1,0,1,371,3,9,0.25,0.47,-0.22,1,281,0,0.33,0.33
2017-18 Regular Season,Alex Robert,F,N,North Bay Battalion,1999-07-06,30,0,0,0,0,371,2,12,0.14,0.47,-0.33,0,281,0,0,0
2017-18 Regular Season,Daniel Walker,F,N,North Bay Battalion,1999-05-18,35,7,2,0,9,371,12,21,0.36,0.47,-0.11,9,281,0.03,0.75,0.75
2017-18 Regular Season,Renars Krastenbergs,F,N,Oshawa Generals,1998-12-26,61,19,6,6,31,435,44,39,0.53,0.5,0.03,25,322,0.08,0.7,0.57
2017-18 Regular Season,Curtis Douglas,F,Y,Barrie Colts,2000-03-06,66,21,12,4,37,418,56,40,0.58,0.51,0.07,33,311,0.11,0.66,0.59
2017-18 Regular Season,Oliver Castleman,F,N,Niagara IceDogs,1999-09-15,64,9,6,6,21,432,34,39,0.47,0.49,-0.02,15,316,0.05,0.62,0.44
2017-18 Regular Season,Ryan Smith,F,N,Niagara IceDogs,1999-06-04,1,0,0,0,0,432,0,0,,0.49,,0,316,0,,
2017-18 Regular Season,Andrew Somerville,D,N,Guelph Storm,1999-07-30,5,0,0,0,0,411,3,2,0.6,0.46,0.14,0,301,0,0,0
2017-18 Regular Season,Ryan Martin,D,N,Erie Otters,1999-06-14,53,2,1,7,10,429,50,44,0.53,0.47,0.06,3,314,0.01,0.2,0.06
2017-18 Regular Season,Aidan Timmermans,D,Y,Erie Otters,2000-04-27,38,1,1,3,5,429,17,27,0.39,0.47,-0.08,2,314,0.01,0.29,0.12
2017-18 Regular Season,Carson Edwardson,F,N,Erie Otters,1999-06-09,24,4,2,0,6,429,11,21,0.34,0.47,-0.13,6,314,0.02,0.55,0.55
2017-18 Regular Season,Allan McShane,F,Y,Oshawa Generals,2000-02-14,67,12,21,9,42,435,55,44,0.56,0.5,0.06,33,322,0.1,0.76,0.6
2017-18 Regular Season,Jack Duff,D,Y,Erie Otters,2000-01-23,63,1,5,4,10,429,45,55,0.45,0.47,-0.02,6,314,0.02,0.22,0.13
2017-18 Regular Season,Gera Poddubnyi,F,N,Erie Otters,1999-06-09,65,10,5,6,21,429,27,56,0.33,0.47,-0.14,15,314,0.05,0.78,0.56
2017-18 Regular Season,Cade Robinson,F,Y,Erie Otters,1999-10-22,65,8,14,2,24,529,30,39,0.43,0.53,-0.1,22,389,0.06,0.8,0.73
2017-18 Regular Season,Quinn Yule,F,Y,Ottawa 67's,2000-01-06,60,5,3,1,9,402,16,26,0.38,0.47,-0.09,8,304,0.03,0.56,0.5
2017-18 Regular Season,Braden Henderson,D,Y,North Bay Battalion,2000-05-14,46,0,3,3,6,553,27,16,0.63,0.55,0.08,3,411,0.01,0.22,0.11
2017-18 Regular Season,Kirill Nizhnikov,F,Y,Barrie Colts,2000-03-29,63,7,14,6,27,366,34,57,0.37,0.47,-0.1,21,276,0.08,0.79,0.62
2017-18 Regular Season,Ryan O'Bonsawin,D,N,Sudbury Wolves,1999-03-13,8,1,0,1,2,366,6,4,0.6,0.47,0.13,1,276,0,0.33,0.17
2017-18 Regular Season,Chet Phillips,D,Y,Saginaw Spirit,2000-07-10,12,0,0,0,0,365,5,4,0.56,0.46,0.1,0,267,0,0,0
2017-18 Regular Season,Joey Keane,D,N,Barrie Colts,1999-07-02,62,9,10,14,33,545,85,49,0.63,0.52,0.11,19,398,0.05,0.39,0.22
2017-18 Regular Season,Matt McNamara,D,Y,Peterborough Petes,2000-05-10,49,1,3,2,6,363,22,39,0.36,0.45,-0.09,4,278,0.01,0.27,0.18
2017-18 Regular Season,Alex Turko,F,N,London Knights,1999-01-07,54,3,5,2,10,395,22,17,0.56,0.48,0.08,8,291,0.03,0.45,0.36
2017-18 Regular Season,Daylon Groulx,F,Y,Owen Sound Attack,2000-06-07,56,11,3,3,17,529,26,20,0.57,0.53,0.04,14,389,0.04,0.65,0.54
2017-18 Regular Season,Chad Denault,F,Y,Peterborough Petes,2000-04-17,55,0,2,0,2,363,6,20,0.23,0.45,-0.22,2,278,0.01,0.33,0.33
2017-18 Regular Season,Andy Baker,F,N,North Bay Battalion,1999-05-15,63,5,7,6,18,371,26,23,0.53,0.47,0.06,12,281,0.04,0.69,0.46
2017-18 Regular Season,Nick King,D,N,North Bay Battalion,1999-01-13,60,2,3,3,8,529,29,38,0.43,0.53,-0.1,5,389,0.01,0.28,0.17
2017-18 Regular Season,DJ Busdeker,F,Y,Saginaw Spirit,1999-09-25,68,8,9,5,22,365,40,44,0.48,0.46,0.02,17,267,0.06,0.55,0.42
2017-18 Regular Season,Cameron Hough,F,N,Sarnia Sting,2000-10-23,16,2,1,0,3,553,4,7,0.36,0.55,-0.19,3,411,0.01,0.75,0.75
2017-18 Regular Season,Sam Bitten,F,Y,Ottawa 67's,2000-03-21,68,7,8,5,20,402,27,38,0.42,0.47,-0.05,15,304,0.05,0.74,0.56
2017-18 Regular Season,Ryan Wells,D,N,Mississauga Steelheads,1999-08-18,23,0,2,1,3,423,20,22,0.48,0.52,-0.04,2,309,0.01,0.15,0.1
2017-18 Regular Season,Harrison Cottam,F,N,London Knights,1999-06-16,42,3,3,1,7,395,10,14,0.42,0.48,-0.06,6,291,0.02,0.7,0.6
2017-18 Regular Season,Bradey Johnson,F,Y,Niagara IceDogs,1999-12-24,55,10,3,3,16,432,19,22,0.46,0.49,-0.03,13,316,0.04,0.84,0.68
2017-18 Regular Season,Mathieu Foget,F,N,Mississauga Steelheads,1997-03-06,68,7,21,7,35,423,54,56,0.49,0.52,-0.03,28,309,0.09,0.65,0.52
2017-18 Regular Season,Nolan Makkonen,D,N,Sudbury Wolves,1999-02-07,5,0,0,0,0,366,3,3,0.5,0.47,0.03,0,276,0,0,0
2017-18 Regular Season,Jonathan Yantsis,F,N,Kitchener Rangers,1999-04-28,59,5,4,3,12,479,19,15,0.56,0.54,0.02,9,352,0.03,0.63,0.47
2017-18 Regular Season,Danny Katic,F,Y,Saginaw Spirit,2000-08-04,55,4,8,3,15,365,19,24,0.44,0.46,-0.02,12,267,0.04,0.79,0.63
2017-18 Regular Season,Owen Headrick,D,N,Erie Otters,1997-08-23,64,8,8,7,23,429,60,78,0.43,0.47,-0.04,16,314,0.05,0.38,0.27
2017-18 Regular Season,Owen Burnell,F,N,Hamilton Bulldogs,1998-08-24,29,1,2,3,6,468,12,6,0.67,0.55,0.12,3,340,0.01,0.5,0.25
2017-18 Regular Season,Adrien Beraldo,D,Y,Peterborough Petes,2000-01-13,51,2,3,0,5,363,23,32,0.42,0.45,-0.03,5,278,0.02,0.22,0.22
2017-18 Regular Season,Grayson Ladd,D,N,Kitchener Rangers,2001-03-01,52,0,2,4,6,479,42,32,0.57,0.54,0.03,2,352,0.01,0.14,0.05
2017-18 Regular Season,Nick Robertson,F,N,Peterborough Petes,2001-09-11,62,9,11,1,21,363,32,49,0.4,0.45,-0.05,20,278,0.07,0.66,0.62
2017-18 Regular Season,Cameron Supryka,D,N,Peterborough Petes,2001-10-28,8,0,0,0,0,363,4,4,0.5,0.45,0.05,0,278,0,0,0
2017-18 Regular Season,Gleb Babintsev,D,Y,Peterborough Petes,2000-01-08,64,1,3,4,8,363,38,56,0.4,0.45,-0.05,4,278,0.01,0.21,0.11
2017-18 Regular Season,Graeme Clarke,F,N,Ottawa 67's,2001-04-24,63,8,1,5,14,402,21,33,0.39,0.47,-0.08,9,304,0.03,0.67,0.43
2017-18 Regular Season,Adam Li≈°ka,F,Y,Kitchener Rangers,1999-10-14,62,11,10,8,29,479,44,33,0.57,0.54,0.03,21,352,0.06,0.66,0.48
2017-18 Regular Season,Brandon Coe,F,N,North Bay Battalion,2001-12-01,63,10,8,5,23,371,32,31,0.51,0.47,0.04,18,281,0.06,0.72,0.56
2017-18 Regular Season,Mike Petizian,F,N,Kitchener Rangers,2001-02-20,40,2,1,1,4,479,9,10,0.47,0.54,-0.07,3,352,0.01,0.44,0.33
2017-18 Regular Season,Matt Gordon,F,N,Kitchener Rangers,2001-02-27,5,0,0,0,0,479,0,2,0,0.54,-0.54,0,352,0,,
2017-18 Regular Season,Jack Quinn,F,N,Ottawa 67's,2001-09-19,8,0,1,0,1,402,1,1,0.5,0.47,0.03,1,304,0,1,1
2017-18 Regular Season,Rickard Hugg,F,N,Kitchener Rangers,1999-01-18,66,6,7,13,26,479,42,43,0.49,0.54,-0.05,13,352,0.04,0.62,0.31
2017-18 Regular Season,Andrew Perrott,D,N,London Knights,2001-08-24,62,4,3,2,9,395,31,36,0.46,0.48,-0.02,7,291,0.02,0.29,0.23
2017-18 Regular Season,Dalton Duhart,F,N,London Knights,2001-01-18,36,3,2,0,5,395,9,11,0.45,0.48,-0.03,5,291,0.02,0.56,0.56
2017-18 Regular Season,Lucas Rowe,F,N,London Knights,2001-08-13,25,1,0,1,2,395,3,7,0.3,0.48,-0.18,1,291,0,0.67,0.33
2017-18 Regular Season,Ryan Bangs,D,Y,London Knights,2000-01-09,7,0,1,1,2,395,2,1,0.67,0.48,0.19,1,291,0,1,0.5
2017-18 Regular Season,Tim Fallowfield,D,N,London Knights,1999-02-05,43,2,2,0,4,395,12,18,0.4,0.48,-0.08,4,291,0.01,0.33,0.33
2017-18 Regular Season,Arthur Kaliyev,F,N,Hamilton Bulldogs,2001-06-26,68,24,3,10,37,468,50,32,0.61,0.55,0.06,27,340,0.08,0.74,0.54
2017-18 Regular Season,Connor McMichael,F,N,Hamilton Bulldogs,2001-01-15,60,8,6,0,14,468,24,31,0.44,0.55,-0.11,14,340,0.04,0.58,0.58
2017-18 Regular Season,Liam Van Loon,F,N,Hamilton Bulldogs,2001-08-17,2,0,1,0,1,468,1,0,1,0.55,0.45,1,340,0,1,1
2017-18 Regular Season,Navrin Mutter,F,N,Hamilton Bulldogs,2001-03-15,28,2,0,1,3,468,4,5,0.44,0.55,-0.11,2,340,0.01,0.75,0.5
2017-18 Regular Season,Jake Murray,F,Y,Hamilton Bulldogs,2000-04-20,30,1,1,1,3,468,5,9,0.36,0.55,-0.19,2,340,0.01,0.6,0.4
2017-18 Regular Season,Mitchell Brewer,D,N,Oshawa Generals,2001-03-20,60,2,2,3,7,435,44,35,0.56,0.5,0.06,4,322,0.01,0.16,0.09
2017-18 Regular Season,Nick Wong,F,N,Oshawa Generals,2001-09-17,63,11,5,2,18,435,25,31,0.45,0.5,-0.05,16,322,0.05,0.72,0.64
2017-18 Regular Season,Nico Gross,D,Y,Oshawa Generals,2000-01-26,58,3,4,0,7,435,40,47,0.46,0.5,-0.04,7,322,0.02,0.18,0.18
2017-18 Regular Season,Bobby Dow,F,N,Peterborough Petes,1998-11-05,63,9,5,6,20,363,31,38,0.45,0.45,0,14,278,0.05,0.65,0.45
2017-18 Regular Season,Cam Hillis,F,Y,Guelph Storm,2000-06-24,60,8,17,11,36,411,52,59,0.47,0.46,0.01,25,301,0.08,0.69,0.48
2017-18 Regular Season,Keegan Stevenson,F,N,Guelph Storm,2000-12-31,61,4,3,2,9,411,20,16,0.56,0.46,0.1,7,301,0.02,0.45,0.35
2017-18 Regular Season,Tag Bertuzzi,F,N,Guelph Storm,2001-02-18,41,2,6,1,9,411,12,26,0.32,0.46,-0.14,8,301,0.03,0.75,0.67
2017-18 Regular Season,Andrei Svechnikov,F,Y,Barrie Colts,2000-03-26,44,26,12,4,42,545,56,28,0.67,0.52,0.15,38,398,0.1,0.75,0.68
2017-18 Regular Season,Alexey Lipanov,F,N,Barrie Colts,1999-08-17,55,5,8,5,18,366,34,35,0.49,0.47,0.02,13,276,0.05,0.53,0.38
2017-18 Regular Season,Luke Bignell,F,N,Barrie Colts,2000-11-03,56,7,1,3,11,545,20,22,0.48,0.52,-0.04,8,398,0.02,0.55,0.4
2017-18 Regular Season,Sam Rhodes,F,Y,Barrie Colts,2000-02-19,45,3,0,0,3,545,11,14,0.44,0.52,-0.08,3,398,0.01,0.27,0.27
2017-18 Regular Season,Ryan Suzuki,F,N,Barrie Colts,2001-05-28,64,12,15,7,34,545,52,35,0.6,0.52,0.08,27,398,0.07,0.65,0.52
2017-18 Regular Season,Mathew Hill,D,N,Barrie Colts,2001-05-01,30,1,1,1,3,545,19,13,0.59,0.52,0.07,2,398,0.01,0.16,0.11
2017-18 Regular Season,Nathan Allensen,D,N,Barrie Colts,2001-05-03,55,2,3,8,13,545,38,30,0.56,0.52,0.04,5,398,0.01,0.34,0.13
2017-18 Regular Season,Victor Hadfield,D,N,Barrie Colts,2000-09-21,27,0,0,0,0,545,8,7,0.53,0.52,0.01,0,398,0,0,0
2017-18 Regular Season,Zachary Snow,D,N,Sudbury Wolves,1999-02-17,9,0,0,0,0,366,1,2,0.33,0.47,-0.14,0,276,0,0,0
2017-18 Regular Season,Ethan Keppen,F,N,Flint Firebirds,2001-03-20,63,9,3,3,15,320,24,41,0.37,0.42,-0.05,12,247,0.05,0.62,0.5
2017-18 Regular Season,Jack Wismer,F,Y,Flint Firebirds,2000-02-24,67,7,7,1,15,320,28,43,0.39,0.42,-0.03,14,247,0.06,0.54,0.5
2017-18 Regular Season,Nikita Alexandrov,D,N,Flint Firebirds,1999-05-18,58,2,1,0,3,320,21,57,0.27,0.42,-0.15,3,247,0.01,0.14,0.14
2017-18 Regular Season,Marcus Gretz,D,N,Flint Firebirds,2001-11-22,45,0,2,1,3,320,21,43,0.33,0.42,-0.09,2,247,0.01,0.14,0.1
2017-18 Regular Season,Zack Pilon,D,N,Flint Firebirds,2000-11-28,43,0,1,1,2,320,13,19,0.41,0.42,-0.01,1,247,0,0.15,0.08
2017-18 Regular Season,Hugo Leufvenius,F,N,Sarnia Sting,1999-03-26,68,13,18,7,38,553,55,37,0.6,0.55,0.05,31,411,0.08,0.69,0.56
2017-18 Regular Season,Mason Primeau,F,N,Guelph Storm,2001-07-28,60,7,4,2,13,411,18,26,0.41,0.46,-0.05,11,301,0.04,0.72,0.61
2017-18 Regular Season,Thomas Harley,D,N,Mississauga Steelheads,2001-08-19,62,0,6,6,12,423,40,42,0.49,0.52,-0.03,6,309,0.02,0.3,0.15
2017-18 Regular Season,Merrick Rippon,D,Y,Mississauga Steelheads,2000-04-27,68,4,9,4,17,423,49,47,0.51,0.52,-0.01,13,309,0.04,0.35,0.27
2017-18 Regular Season,Keean Washkurak,F,N,Mississauga Steelheads,2001-08-16,61,5,5,3,13,423,24,26,0.48,0.52,-0.04,10,309,0.03,0.54,0.42
2017-18 Regular Season,Cole Schwindt,F,N,Mississauga Steelheads,2001-04-25,66,6,5,5,16,423,24,27,0.47,0.52,-0.05,11,309,0.04,0.67,0.46
2017-18 Regular Season,Jake Gravelle,D,Y,Hamilton Bulldogs,2000-05-01,9,0,0,0,0,468,1,4,0.2,0.55,-0.35,0,340,0,0,0
2017-18 Regular Season,Isaac Walker,D,Y,Mississauga Steelheads,2000-03-16,58,0,1,3,4,423,24,28,0.46,0.52,-0.06,1,309,0,0.17,0.04
2017-18 Regular Season,Adam Varga,F,N,Mississauga Steelheads,2001-06-07,46,1,3,0,4,423,5,14,0.26,0.52,-0.26,4,309,0.01,0.8,0.8
2017-18 Regular Season,Nicholas Porco,F,N,Saginaw Spirit,2001-03-12,57,3,3,4,10,365,20,42,0.32,0.46,-0.14,6,267,0.02,0.5,0.3
2017-18 Regular Season,Aidan Prueter,F,N,Saginaw Spirit,2001-12-21,63,2,3,5,10,365,17,31,0.35,0.46,-0.11,5,267,0.02,0.59,0.29
2017-18 Regular Season,Duncan Penman,D,N,Saginaw Spirit,2001-07-05,55,3,3,3,9,365,29,35,0.45,0.46,-0.01,6,267,0.02,0.31,0.21
2017-18 Regular Season,Blade Jenkins,F,Y,Saginaw Spirit,2000-08-11,68,16,17,5,38,365,46,58,0.44,0.46,-0.02,33,267,0.12,0.83,0.72
2017-18 Regular Season,Caleb Everett,D,Y,Saginaw Spirit,2000-01-20,58,5,6,4,15,365,34,45,0.43,0.46,-0.03,11,267,0.04,0.44,0.32
2017-18 Regular Season,Tom Bappert,D,N,Saginaw Spirit,1999-01-16,16,0,0,1,1,365,8,12,0.4,0.46,-0.06,0,267,0,0.12,0
2017-18 Regular Season,Travis Mailhot,D,Y,North Bay Battalion,2000-01-17,30,0,0,0,0,371,5,6,0.45,0.47,-0.02,0,281,0,0,0
2017-18 Regular Season,Kurtis Evans,F,N,North Bay Battalion,2001-04-21,33,1,0,0,1,371,3,10,0.23,0.47,-0.24,1,281,0,0.33,0.33
2017-18 Regular Season,Payton Vescio,D,N,North Bay Battalion,2001-03-20,1,0,0,0,0,371,2,0,1,0.47,0.53,0,281,0,0,0
2017-18 Regular Season,Simon Rose,D,N,North Bay Battalion,2001-03-23,39,0,0,1,1,371,10,14,0.42,0.47,-0.05,0,281,0,0.1,0
2017-18 Regular Season,Cole Resnick,F,N,Oshawa Generals,1999-04-21,23,0,1,1,2,435,8,10,0.44,0.5,-0.06,1,322,0,0.25,0.12
2017-18 Regular Season,Patrick Brown,F,Y,North Bay Battalion,2000-03-21,53,1,2,2,5,371,7,20,0.26,0.47,-0.21,3,281,0.01,0.71,0.43
2017-18 Regular Season,Kyle Harris,F,N,Flint Firebirds,2001-04-12,60,5,3,3,11,320,18,46,0.28,0.42,-0.14,8,247,0.03,0.61,0.44
2017-18 Regular Season,Jack York,D,N,Kitchener Rangers,2000-09-17,57,3,2,3,8,479,34,24,0.59,0.54,0.05,5,352,0.01,0.24,0.15
2017-18 Regular Season,Alexandre Hogue,D,N,Sarnia Sting,2001-02-14,30,0,1,0,1,553,14,12,0.54,0.55,-0.01,1,411,0,0.07,0.07
2017-18 Regular Season,Marko Jakovljevic,D,N,Sarnia Sting,2000-11-24,27,1,2,1,4,553,23,11,0.68,0.55,0.13,3,411,0.01,0.17,0.13
2017-18 Regular Season,Colton Kammerer,D,N,Sarnia Sting,2001-10-21,39,1,4,1,6,553,28,21,0.57,0.55,0.02,5,411,0.01,0.21,0.18
2017-18 Regular Season,Brayden Guy,F,N,Sarnia Sting,2001-03-03,42,8,1,0,9,553,16,17,0.48,0.55,-0.07,9,411,0.02,0.56,0.56
2017-18 Regular Season,Jamieson Rees,F,N,Sarnia Sting,2001-02-26,46,3,10,2,15,553,22,18,0.55,0.55,0,13,411,0.03,0.68,0.59
2017-18 Regular Season,Robert Calisti,D,N,Sault Ste. Marie Greyhounds,2001-01-25,6,0,0,0,0,568,2,1,0.67,0.54,0.13,0,411,0,0,0
2017-18 Regular Season,Hayden Fowler,F,N,Erie Otters,2001-09-24,61,8,6,5,19,568,27,24,0.53,0.54,-0.01,14,411,0.03,0.7,0.52
2017-18 Regular Season,Ryan Roth,F,Y,Sault Ste. Marie Greyhounds,2000-07-20,68,12,7,6,25,568,53,24,0.69,0.54,0.15,19,411,0.05,0.47,0.36
2017-18 Regular Season,Keeghan Howdeshell,F,N,Sault Ste. Marie Greyhounds,1998-02-24,61,11,10,5,26,568,50,28,0.64,0.54,0.1,21,411,0.05,0.52,0.42
2017-18 Regular Season,Joe Carroll,F,N,Sault Ste. Marie Greyhounds,2001-02-01,53,8,5,2,15,568,23,26,0.47,0.54,-0.07,13,411,0.03,0.65,0.57
2017-18 Regular Season,Thomas Stevenson,D,Y,Windsor Spitfires,1999-10-14,67,3,3,2,8,418,43,57,0.43,0.51,-0.08,6,311,0.02,0.19,0.14
2017-18 Regular Season,Louka Henault,D,N,Windsor Spitfires,2001-01-31,42,0,0,2,2,418,10,16,0.38,0.51,-0.13,0,311,0,0.2,0
2017-18 Regular Season,Nathan Staios,D,N,Windsor Spitfires,2001-05-17,54,3,3,4,10,418,39,33,0.54,0.51,0.03,6,311,0.02,0.26,0.15
2017-18 Regular Season,Jordan Frasca,F,N,Windsor Spitfires,2001-07-05,11,1,1,0,2,418,7,2,0.78,0.51,0.27,2,311,0.01,0.29,0.29
2017-18 Regular Season,William Sirman,F,Y,Windsor Spitfires,1999-11-03,66,6,9,4,19,418,36,29,0.55,0.51,0.04,15,311,0.05,0.53,0.42
2017-18 Regular Season,Igor Larionov,F,N,Windsor Spitfires,1998-08-24,32,4,9,6,19,418,26,14,0.65,0.51,0.14,13,311,0.04,0.73,0.5
2017-18 Regular Season,Mathew MacDougall,F,Y,Windsor Spitfires,2000-01-23,66,14,8,5,27,418,45,53,0.46,0.51,-0.05,22,311,0.07,0.6,0.49
2017-18 Regular Season,Jake Smith,F,N,Windsor Spitfires,1997-07-03,59,12,14,5,31,418,41,45,0.48,0.51,-0.03,26,311,0.08,0.76,0.63
2017-18 Regular Season,John Parker-Jones,F,Y,Peterborough Petes,2000-04-07,41,2,1,1,4,363,5,10,0.33,0.45,-0.12,3,278,0.01,0.8,0.6
2017-18 Regular Season,Daniel D'Amico,F,N,Windsor Spitfires,2001-01-25,59,10,6,1,17,418,27,21,0.56,0.51,0.05,16,311,0.05,0.63,0.59
2017-18 Regular Season,Kirill Kozhevnikov,F,N,Windsor Spitfires,1999-01-26,33,3,2,1,6,418,7,8,0.47,0.51,-0.04,5,311,0.02,0.86,0.71
2017-18 Regular Season,Lev Starikov,D,N,Windsor Spitfires,2000-09-17,66,5,3,5,13,418,49,34,0.59,0.51,0.08,8,311,0.03,0.27,0.16
2017-18 Regular Season,Evan Brand,D,N,Kingston Frontenacs,2001-03-14,27,0,0,1,1,444,3,4,0.43,0.54,-0.11,0,323,0,0.33,0
2017-18 Regular Season,Cody Morgan,F,N,Kingston Frontenacs,2001-02-01,63,9,7,4,20,418,31,33,0.48,0.51,-0.03,16,311,0.05,0.65,0.52
2017-18 Regular Season,Bryan Laureigh,F,Y,Kingston Frontenacs,2000-06-16,57,3,3,0,6,444,10,19,0.34,0.54,-0.2,6,323,0.02,0.6,0.6
2017-18 Regular Season,Philip Tomasino,F,N,Niagara IceDogs,2001-07-28,61,5,13,5,23,432,33,42,0.44,0.49,-0.05,18,316,0.06,0.7,0.55
2017-18 Regular Season,Andrew Bruder,F,Y,Niagara IceDogs,2000-08-16,52,4,3,4,11,432,16,18,0.47,0.49,-0.02,7,316,0.02,0.69,0.44
2017-18 Regular Season,Ian Martin,F,N,Niagara IceDogs,2001-01-27,24,2,0,2,4,432,6,7,0.46,0.49,-0.03,2,316,0.01,0.67,0.33
2017-18 Regular Season,Billy Constantinou,D,N,Niagara IceDogs,2001-03-25,45,3,5,3,11,432,27,31,0.47,0.49,-0.02,8,316,0.03,0.41,0.3
2017-18 Regular Season,Daniel Nardi,D,N,Niagara IceDogs,2001-03-27,3,0,0,0,0,432,0,1,0,0.49,-0.49,0,316,0,,
2017-18 Regular Season,Ryan Stepien,F,N,Saginaw Spirit,2001-09-19,50,10,4,1,15,365,21,23,0.48,0.46,0.02,14,267,0.05,0.71,0.67
2017-18 Regular Season,Joseph Rupoli,D,Y,Oshawa Generals,2000-05-24,9,0,0,1,1,435,4,2,0.67,0.5,0.17,0,322,0,0.25,0
2017-18 Regular Season,Camaryn Baber,F,N,Saginaw Spirit,2001-04-04,11,1,2,0,3,365,5,2,0.71,0.46,0.25,3,267,0.01,0.6,0.6
2017-18 Regular Season,Ben Badalamenti,F,Y,Saginaw Spirit,2000-02-06,34,4,1,1,6,365,7,12,0.37,0.46,-0.09,5,267,0.02,0.86,0.71
2017-18 Regular Season,Dylan D'Agostino,F,Y,Hamilton Bulldogs,2000-07-22,2,0,0,0,0,468,1,2,0.33,0.55,-0.22,0,340,0,0,0
2017-18 Regular Season,Emmett Sproule,F,N,Erie Otters,2001-03-19,56,5,6,2,13,429,19,34,0.36,0.47,-0.11,11,314,0.04,0.68,0.58
2017-18 Regular Season,Stephane Patry,F,Y,Erie Otters,2000-02-18,50,4,4,3,11,429,23,22,0.51,0.47,0.04,8,314,0.03,0.48,0.35
2017-18 Regular Season,Joseph Mack,F,Y,Erie Otters,2000-01-06,51,6,2,3,11,429,17,24,0.41,0.47,-0.06,8,314,0.03,0.65,0.47
2017-18 Regular Season,Chad Yetman,F,Y,Erie Otters,2000-02-18,56,8,4,2,14,429,25,34,0.42,0.47,-0.05,12,314,0.04,0.56,0.48
2017-18 Regular Season,Maxim Golod,F,Y,Erie Otters,2000-08-18,61,9,13,5,27,429,39,45,0.46,0.47,-0.01,22,314,0.07,0.69,0.56
2017-18 Regular Season,Kurtis Henry,D,Y,Erie Otters,2000-04-14,44,1,2,4,7,429,30,43,0.41,0.47,-0.06,3,314,0.01,0.23,0.1
2017-18 Regular Season,Alexey Toropchenko,F,N,Guelph Storm,1999-06-25,66,13,9,8,30,411,48,53,0.48,0.46,0.02,22,301,0.07,0.62,0.46
2017-18 Regular Season,Anthony Aguanno,D,N,Guelph Storm,2001-03-18,7,0,0,0,0,411,3,2,0.6,0.46,0.14,0,301,0,0,0
2017-18 Regular Season,Mark Woolley,D,N,Guelph Storm,2001-11-26,66,2,4,2,8,411,27,40,0.4,0.46,-0.06,6,301,0.02,0.3,0.22
2017-18 Regular Season,Lucas Peric,D,N,Ottawa 67's,2001-01-08,57,2,1,0,3,402,25,32,0.44,0.47,-0.03,3,304,0.01,0.12,0.12
2017-18 Regular Season,Nikita Okhotyuk,D,N,Ottawa 67's,2000-12-04,53,5,1,4,10,402,37,36,0.51,0.47,0.04,6,304,0.02,0.27,0.16
2017-18 Regular Season,Zack Trott,F,Y,Sault Ste. Marie Greyhounds,2000-05-10,38,2,0,1,3,568,7,11,0.39,0.54,-0.15,2,411,0,0.43,0.29
2017-18 Regular Season,Phil Caron,D,Y,Sault Ste. Marie Greyhounds,2000-07-23,24,0,0,2,2,568,9,5,0.64,0.54,0.1,0,411,0,0.22,0
2017-18 Regular Season,Cole MacKay,F,N,Sault Ste. Marie Greyhounds,2001-06-13,42,5,4,5,14,568,24,21,0.53,0.54,-0.01,9,411,0.02,0.58,0.38
2017-18 Regular Season,Brett Jacklin,F,Y,Sault Ste. Marie Greyhounds,2000-02-21,49,4,4,1,9,568,17,7,0.71,0.54,0.17,8,411,0.02,0.53,0.47
2017-18 Regular Season,Igor Chibrikov,D,N,Owen Sound Attack,2001-11-30,41,1,4,2,7,529,17,13,0.57,0.53,0.04,5,389,0.01,0.41,0.29
2017-18 Regular Season,Jackson Doherty,F,Y,Owen Sound Attack,2000-08-22,53,6,1,2,9,529,22,22,0.5,0.53,-0.03,7,389,0.02,0.41,0.32
2017-18 Regular Season,Marino Moro,F,Y,Owen Sound Attack,2000-02-03,37,1,4,1,6,529,13,15,0.46,0.53,-0.07,5,389,0.01,0.46,0.38
2017-18 Regular Season,Mitchell Russell,F,N,Owen Sound Attack,2001-03-06,59,3,3,1,7,529,16,18,0.47,0.53,-0.06,6,389,0.02,0.44,0.38
2017-18 Regular Season,Liam Whittaker,D,N,London Knights,2001-06-06,1,0,0,1,1,395,1,0,1,0.48,0.52,0,291,0,1,0
2017-18 Regular Season,Cameron Gaylor,F,Y,Mississauga Steelheads,1999-11-19,42,3,0,1,4,423,6,16,0.27,0.52,-0.25,3,309,0.01,0.67,0.5
2017-18 Regular Season,Nicholas Canade,F,Y,Mississauga Steelheads,2000-03-07,63,3,3,4,10,423,17,25,0.4,0.52,-0.12,6,309,0.02,0.59,0.35
2017-18 Regular Season,Oliver True,F,Y,Ottawa 67's,2000-05-04,58,4,5,2,11,402,17,22,0.44,0.47,-0.03,9,304,0.03,0.65,0.53
2017-18 Regular Season,Seva Losev,F,Y,Ottawa 67's,2000-06-13,30,2,1,0,3,402,5,10,0.33,0.47,-0.14,3,304,0.01,0.6,0.6
2017-18 Regular Season,Mason Hardy,D,Y,Mississauga Steelheads,2000-04-03,32,0,2,0,2,423,6,5,0.55,0.52,0.03,2,309,0.01,0.33,0.33
2017-18 Regular Season,Nolan Hutcheson,F,Y,Sudbury Wolves,2000-06-26,62,7,4,4,15,366,24,32,0.43,0.47,-0.04,11,276,0.04,0.62,0.46
2017-18 Regular Season,Anthony Tabak,F,N,Sudbury Wolves,2001-12-06,51,6,4,4,14,366,26,30,0.46,0.47,-0.01,10,276,0.04,0.54,0.38
2017-18 Regular Season,Emmett Serensits,D,Y,Sudbury Wolves,2000-01-07,61,2,3,1,6,366,23,37,0.38,0.47,-0.09,5,276,0.02,0.26,0.22
2017-18 Regular Season,Liam Ross,D,N,Sudbury Wolves,2001-05-13,60,4,1,3,8,366,34,52,0.4,0.47,-0.07,5,276,0.02,0.24,0.15
2017-18 Regular Season,Zack Malik,D,Y,Sudbury Wolves,2000-08-03,32,0,4,0,4,366,24,30,0.44,0.47,-0.03,4,276,0.01,0.17,0.17
2017-18 Regular Season,Blake Murray,F,N,Sudbury Wolves,2001-07-05,57,11,10,7,28,366,36,44,0.45,0.47,-0.02,21,276,0.08,0.78,0.58
2017-18 Regular Season,Blake McConville,F,Y,Sudbury Wolves,2000-04-03,45,1,1,0,2,366,9,28,0.24,0.47,-0.23,2,276,0.01,0.22,0.22
2017-18 Regular Season,Mitchell Hewitson,F,Y,Oshawa Generals,2000-05-11,27,1,0,0,1,435,3,9,0.25,0.5,-0.25,1,322,0,0.33,0.33
2017-18 Regular Season,Noah Serre,F,N,Sudbury Wolves,1998-07-25,1,1,0,0,1,366,1,2,0.33,0.47,-0.14,1,276,0,1,1
2017-18 Regular Season,Alec Regula,D,Y,London Knights,2000-08-06,67,6,4,10,20,395,62,52,0.54,0.48,0.06,10,291,0.03,0.32,0.16
2017-18 Regular Season,Shane Collins,D,N,London Knights,1997-02-20,58,3,3,6,12,395,43,39,0.52,0.48,0.04,6,291,0.02,0.28,0.14
2017-18 Regular Season,Adam Kadlec,F,N,Oshawa Generals,1999-09-03,25,0,2,1,3,418,8,9,0.47,0.51,-0.04,2,311,0.01,0.38,0.25
2017-18 Regular Season,Rasmus Sandin,D,Y,Sault Ste. Marie Greyhounds,2000-03-07,51,8,6,14,28,568,75,46,0.62,0.54,0.08,14,411,0.03,0.37,0.19
2017-18 Regular Season,Luke Drewitt,F,N,Kingston Frontenacs,2001-09-27,6,1,0,0,1,444,2,1,0.67,0.54,0.13,1,323,0,0.5,0.5
2017-18 Regular Season,Levi Siau,F,N,Sudbury Wolves,2001-04-01,9,0,0,1,1,366,2,3,0.4,0.47,-0.07,0,276,0,0.5,0
2017-18 Regular Season,Hayden Johnston,D,Y,Windsor Spitfires,2000-06-07,4,0,1,0,1,418,1,0,1,0.51,0.49,1,311,0,1,1
2017-18 Regular Season,Jake Goldowski,F,Y,Saginaw Spirit,2000-05-07,40,7,6,2,15,365,22,25,0.47,0.46,0.01,13,267,0.05,0.68,0.59
2017-18 Regular Season,Eric Uba,F,N,Flint Firebirds,2000-12-17,4,0,0,1,1,320,1,1,0.5,0.42,0.08,0,247,0,1,0
2017-18 Regular Season,Ashton Reesor,D,N,Sarnia Sting,2001-01-12,1,0,0,0,0,553,1,0,1,0.55,0.45,0,411,0,0,0
2017-18 Regular Season,Mason Millman,D,N,Saginaw Spirit,2001-07-18,6,0,0,0,0,365,2,3,0.4,0.46,-0.06,0,267,0,0,0
2017-18 Regular Season,Michael Vukojevic,D,N,Kitchener Rangers,2001-06-08,24,1,3,1,5,479,16,15,0.52,0.54,-0.02,4,352,0.01,0.31,0.25
2017-18 Regular Season,Mitch Eliot,D,N,Sarnia Sting,1998-02-06,16,2,1,0,3,553,19,18,0.51,0.55,-0.04,3,411,0.01,0.16,0.16
2017-18 Regular Season,Jake Partridge,F,N,Peterborough Petes,2001-04-18,4,0,0,0,0,363,0,2,0,0.45,-0.45,0,278,0,,
