League,Season,Name,Position,Draft.Eligible,Team,Height,Birth Date,GP,G,A1,A2,PTS,PRIMARY.PTS,TEAM.PRIMARY.PTS,PERC.TEAM.PrPTS,Shots,Team.Shots,SH.PERC,PERC.TEAM.SHOTS,PERC.TEAM.PTS,PTSPG
OHL,2017-18 Regular Season,Marcus Crawford,D,N,Saginaw Spirit,5.11,1997-03-21,68,13,16,24,53,29,379,0.08,228,2584,0.06,0.09,0.1,0.78
OHL,2017-18 Regular Season,Ryan Moore,F,N,Flint Firebirds,5.08,1997-04-09,63,18,21,21,60,39,487,0.08,176,2584,0.1,0.07,0.09,0.95
OHL,2017-18 Regular Season,Liam Murray,D,N,Kingston Frontenacs,6.00,1997-06-28,63,1,4,3,8,5,458,0.01,63,2584,0.02,0.02,0.01,0.13
OHL,2017-18 Regular Season,Justin Lemcke,D,N,Hamilton Bulldogs,6.02,1997-02-13,59,9,6,11,26,15,487,0.03,107,2584,0.08,0.04,0.04,0.44
OHL,2017-18 Regular Season,Aaron Luchuk,F,N,Barrie Colts,5.10,1997-04-05,68,50,36,29,115,86,400,0.22,281,2584,0.18,0.11,0.21,1.69
OHL,2017-18 Regular Season,Hayden McCool,F,N,Oshawa Generals,6.03,1997-04-11,59,15,7,8,30,22,468,0.05,108,2584,0.14,0.04,0.05,0.51
OHL,2017-18 Regular Season,Brett McKenzie,F,N,North Bay Battalion,6.01,1997-03-12,64,22,17,10,49,39,548,0.07,244,2584,0.09,0.09,0.07,0.77
OHL,2017-18 Regular Season,Matthew Kreis,F,N,Saginaw Spirit,5.11,1997-08-01,9,1,1,1,3,2,379,0.01,23,2584,0.04,0.01,0.01,0.33
OHL,2017-18 Regular Season,Tyler MacArthur,D,N,Barrie Colts,6.04,1997-05-25,5,0,1,0,1,1,576,0,2,2584,0,0,0,0.2
OHL,2017-18 Regular Season,Ethan Szypula,F,N,Owen Sound Attack,5.11,1997-01-28,67,19,25,12,56,44,548,0.08,177,2584,0.11,0.07,0.07,0.84
OHL,2017-18 Regular Season,Mason Kohn,F,N,Oshawa Generals,6.00,1997-05-03,64,20,19,15,54,39,379,0.1,159,2584,0.13,0.06,0.1,0.84
OHL,2017-18 Regular Season,Doug Blaisdell,D,N,Kitchener Rangers,6.02,1997-02-20,66,1,5,9,15,6,469,0.01,82,2584,0.01,0.03,0.02,0.23
OHL,2017-18 Regular Season,Garrett McFadden,D,N,Guelph Storm,5.11,1997-08-21,68,6,14,24,44,20,438,0.05,163,2584,0.04,0.06,0.07,0.65
OHL,2017-18 Regular Season,Connor Schlichting,D,N,Sarnia Sting,6.03,1997-05-17,67,6,13,20,39,19,573,0.03,110,2584,0.05,0.04,0.05,0.58
OHL,2017-18 Regular Season,Nikita Korostelev,F,N,Peterborough Petes,6.01,1997-02-08,64,30,34,11,75,64,425,0.15,217,2584,0.14,0.08,0.13,1.17
OHL,2017-18 Regular Season,Riley Bruce,D,N,North Bay Battalion,6.07,1997-07-16,67,5,6,9,20,11,398,0.03,122,2584,0.04,0.05,0.04,0.3
OHL,2017-18 Regular Season,Sean Day,D,N,Kingston Frontenacs,6.03,1998-01-09,50,5,17,25,47,22,400,0.06,120,2584,0.04,0.05,0.09,0.94
OHL,2017-18 Regular Season,Johnny Corneil,F,N,Niagara IceDogs,5.11,1997-08-16,64,21,18,9,48,39,466,0.08,168,2584,0.12,0.07,0.07,0.75
OHL,2017-18 Regular Season,Maurizio Colella,F,N,Flint Firebirds,6.00,1997-03-21,67,23,22,16,61,45,360,0.12,231,2584,0.1,0.09,0.13,0.91
OHL,2017-18 Regular Season,Connor Walters,D,N,Hamilton Bulldogs,6.01,1997-06-05,56,3,6,4,13,9,487,0.02,60,2584,0.05,0.02,0.02,0.23
OHL,2017-18 Regular Season,Ted Nichol,F,N,Kingston Frontenacs,5.11,1997-01-04,68,7,19,8,34,26,458,0.06,141,2584,0.05,0.05,0.05,0.5
OHL,2017-18 Regular Season,Hayden Verbeek,F,N,Sault Ste. Marie Greyhounds,5.09,1997-10-17,67,30,17,14,61,47,610,0.08,174,2584,0.17,0.07,0.07,0.91
OHL,2017-18 Regular Season,Stephen Gibson,D,N,Mississauga Steelheads,6.03,1997-03-03,68,1,4,5,10,5,476,0.01,78,2584,0.01,0.03,0.02,0.15
OHL,2017-18 Regular Season,James McEwan,F,N,Guelph Storm,5.11,1997-03-15,64,13,8,14,35,21,438,0.05,220,2584,0.06,0.09,0.06,0.55
OHL,2017-18 Regular Season,Alex Di Carlo,D,N,Oshawa Generals,6.04,1997-03-25,45,4,5,2,11,9,468,0.02,62,2584,0.06,0.02,0.02,0.24
OHL,2017-18 Regular Season,Stephen Templeton,D,N,Hamilton Bulldogs,6.02,1997-01-26,12,0,0,0,0,0,487,0,8,2584,0,0,0,0
OHL,2017-18 Regular Season,Keaton Middleton,D,N,Saginaw Spirit,6.06,1998-02-10,64,4,8,12,24,12,379,0.03,126,2584,0.03,0.05,0.05,0.38
OHL,2017-18 Regular Season,Cliff Pu,F,N,Kingston Frontenacs,6.02,1998-06-03,65,29,39,16,84,68,442,0.15,209,2584,0.14,0.08,0.14,1.29
OHL,2017-18 Regular Season,Sam Field,F,N,Kingston Frontenacs,6.01,1998-02-04,14,5,0,0,5,5,458,0.01,19,2584,0.26,0.01,0.01,0.36
OHL,2017-18 Regular Season,Reagan O'Grady,D,N,Mississauga Steelheads,6.02,1998-12-15,55,6,5,8,19,11,380,0.03,85,2584,0.07,0.03,0.04,0.35
OHL,2017-18 Regular Season,Tye Felhaber,F,N,Ottawa 67's,5.11,1998-08-05,68,31,24,15,70,55,423,0.13,250,2584,0.12,0.1,0.12,1.03
OHL,2017-18 Regular Season,Christopher Paquette,F,N,Peterborough Petes,6.02,1998-03-27,61,16,9,4,29,25,425,0.06,151,2584,0.11,0.06,0.05,0.48
OHL,2017-18 Regular Season,Michael Pezzetta,F,N,Sarnia Sting,6.01,1998-03-13,62,23,16,13,52,39,380,0.1,185,2584,0.12,0.07,0.1,0.84
OHL,2017-18 Regular Season,Kyle Rhodes,D,N,Sudbury Wolves,6.03,1997-12-25,57,10,10,4,24,20,380,0.05,125,2584,0.08,0.05,0.05,0.42
OHL,2017-18 Regular Season,Noah Carroll,D,N,Sault Ste. Marie Greyhounds,6.01,1997-12-02,65,7,11,19,37,18,610,0.03,96,2584,0.07,0.04,0.04,0.57
OHL,2017-18 Regular Season,Matt Hotchkiss,F,N,Guelph Storm,6.02,1998-02-06,68,14,5,5,24,19,458,0.04,112,2584,0.12,0.04,0.04,0.35
OHL,2017-18 Regular Season,Will Bitten,F,N,Hamilton Bulldogs,5.11,1998-07-10,62,20,25,19,64,45,487,0.09,161,2584,0.12,0.06,0.09,1.03
OHL,2017-18 Regular Season,Nicholas Caamano,F,N,Flint Firebirds,6.02,1998-09-07,64,25,23,9,57,48,487,0.1,237,2584,0.11,0.09,0.08,0.89
OHL,2017-18 Regular Season,Givani Smith,F,N,Guelph Storm,6.02,1998-02-27,46,17,8,5,30,25,469,0.05,135,2584,0.13,0.05,0.05,0.65
OHL,2017-18 Regular Season,Brandon Saigeon,F,N,Hamilton Bulldogs,6.02,1998-06-14,65,35,21,14,70,56,487,0.11,239,2584,0.15,0.09,0.1,1.08
OHL,2017-18 Regular Season,Cole Candella,D,N,Sudbury Wolves,6.01,1998-02-13,68,5,14,14,33,19,380,0.05,133,2584,0.04,0.05,0.06,0.49
OHL,2017-18 Regular Season,Jack Hanley,D,N,Hamilton Bulldogs,5.11,1998-04-20,63,2,6,6,14,8,487,0.02,65,2584,0.03,0.03,0.02,0.22
OHL,2017-18 Regular Season,Ryan Valentini,F,N,Sudbury Wolves,6.00,1997-07-13,1,0,0,0,0,0,380,0,0,2584,,0,0,0
OHL,2017-18 Regular Season,Drake Rymsha,F,N,Sarnia Sting,6.00,1998-08-06,68,31,23,19,73,54,573,0.09,198,2584,0.16,0.08,0.09,1.07
OHL,2017-18 Regular Season,Benjamin Gleason,D,N,Hamilton Bulldogs,6.01,1998-03-25,63,9,20,19,48,29,487,0.06,177,2584,0.05,0.07,0.07,0.76
OHL,2017-18 Regular Season,Jonathan Ang,F,N,Peterborough Petes,6.00,1998-01-31,65,25,32,13,70,57,573,0.1,163,2584,0.15,0.06,0.09,1.08
OHL,2017-18 Regular Season,Travis Barron,F,N,Ottawa 67's,6.01,1998-08-17,67,21,26,10,57,47,423,0.11,227,2584,0.09,0.09,0.1,0.85
OHL,2017-18 Regular Season,Michael McLeod,F,N,Mississauga Steelheads,6.02,1998-02-03,38,16,17,11,44,33,476,0.07,120,2584,0.13,0.05,0.07,1.16
OHL,2017-18 Regular Season,Jordan Kyrou,F,N,Sarnia Sting,6.00,1998-05-05,56,39,40,30,109,79,573,0.14,166,2584,0.23,0.06,0.14,1.95
OHL,2017-18 Regular Season,Jonah Gadjovich,F,N,Owen Sound Attack,6.02,1998-10-12,42,25,13,10,48,38,548,0.07,219,2584,0.11,0.08,0.06,1.14
OHL,2017-18 Regular Season,Alex Black,D,N,Peterborough Petes,6.01,1997-09-12,65,2,3,9,14,5,425,0.01,78,2584,0.03,0.03,0.02,0.22
OHL,2017-18 Regular Season,Logan Stanley,D,N,Kitchener Rangers,6.07,1998-05-26,61,15,12,15,42,27,469,0.06,169,2584,0.09,0.07,0.07,0.69
OHL,2017-18 Regular Season,Logan Brown,F,N,Kitchener Rangers,6.06,1998-03-05,32,22,17,9,48,39,469,0.08,116,2584,0.19,0.04,0.07,1.5
OHL,2017-18 Regular Season,Luke Kirwan,F,N,Flint Firebirds,6.03,1997-09-23,2,0,0,0,0,0,360,0,2,2584,0,0,0,0
OHL,2017-18 Regular Season,Daniil Vertiy,F,N,North Bay Battalion,5.11,1998-11-12,31,2,3,6,11,5,548,0.01,57,2584,0.04,0.02,0.01,0.35
OHL,2017-18 Regular Season,Ben Hawerchuk,F,N,Barrie Colts,5.11,1998-03-27,52,12,9,6,27,21,576,0.04,129,2584,0.09,0.05,0.03,0.52
OHL,2017-18 Regular Season,Kenny Huether,F,N,Oshawa Generals,5.10,1997-08-06,67,30,13,11,54,43,468,0.09,241,2584,0.12,0.09,0.09,0.81
OHL,2017-18 Regular Season,Zach Poirier,F,N,Guelph Storm,5.11,1998-05-12,54,8,4,5,17,12,438,0.03,88,2584,0.09,0.03,0.03,0.31
OHL,2017-18 Regular Season,Zach Shankar,D,N,Niagara IceDogs,6.00,1997-01-28,53,2,7,8,17,9,400,0.02,60,2584,0.03,0.02,0.03,0.32
OHL,2017-18 Regular Season,Mark Shoemaker,D,N,Guelph Storm,6.02,1997-09-28,66,1,4,5,10,5,438,0.01,50,2584,0.02,0.02,0.02,0.15
OHL,2017-18 Regular Season,Trenton Bourque,D,N,Owen Sound Attack,6.02,1998-06-11,62,0,5,12,17,5,548,0.01,62,2584,0,0.02,0.02,0.27
OHL,2017-18 Regular Season,Boris Katchouk,F,N,Sault Ste. Marie Greyhounds,6.02,1998-06-18,58,42,29,14,85,71,610,0.12,195,2584,0.22,0.08,0.1,1.47
OHL,2017-18 Regular Season,Anthony Salinitri,F,N,Sarnia Sting,5.11,1998-03-05,67,27,15,16,58,42,573,0.07,189,2584,0.14,0.07,0.07,0.87
OHL,2017-18 Regular Season,Jack Kopacka,F,N,Sault Ste. Marie Greyhounds,6.02,1998-03-05,66,31,20,12,63,51,610,0.08,227,2584,0.14,0.09,0.08,0.95
OHL,2017-18 Regular Season,Tim Gettinger,F,N,Sault Ste. Marie Greyhounds,6.06,1998-04-14,66,33,21,15,69,54,610,0.09,256,2584,0.13,0.1,0.08,1.05
OHL,2017-18 Regular Season,Lucas Chiodo,F,N,Barrie Colts,5.06,1998-10-31,68,30,28,21,79,58,576,0.1,124,2584,0.24,0.05,0.1,1.16
OHL,2017-18 Regular Season,Matthew Timms,D,N,Peterborough Petes,5.09,1998-05-12,46,3,14,18,35,17,425,0.04,74,2584,0.04,0.03,0.06,0.76
OHL,2017-18 Regular Season,Adam Timleck,F,N,Peterborough Petes,5.09,1998-02-26,39,13,11,5,29,24,425,0.06,102,2584,0.13,0.04,0.05,0.74
OHL,2017-18 Regular Season,Troy Lajeunesse,F,N,Erie Otters,5.08,1997-05-20,60,15,16,12,43,31,380,0.08,95,2584,0.16,0.04,0.08,0.72
OHL,2017-18 Regular Season,Sean Allen,D,N,Oshawa Generals,6.03,1998-04-21,52,0,2,2,4,2,468,0,26,2584,0,0.01,0.01,0.08
OHL,2017-18 Regular Season,Connor Hall,D,N,Kitchener Rangers,6.03,1998-02-21,47,0,9,2,11,9,469,0.02,54,2584,0,0.02,0.02,0.23
OHL,2017-18 Regular Season,Adam Mascherin,F,N,Kitchener Rangers,5.09,1998-06-06,67,40,34,12,86,74,469,0.16,255,2584,0.16,0.1,0.13,1.28
OHL,2017-18 Regular Season,Connor Bunnaman,F,N,Kitchener Rangers,6.02,1998-04-16,66,27,15,8,50,42,469,0.09,205,2584,0.13,0.08,0.08,0.76
OHL,2017-18 Regular Season,TJ Fergus,D,N,Barrie Colts,5.11,1997-03-25,64,7,17,17,41,24,487,0.05,113,2584,0.06,0.04,0.06,0.64
OHL,2017-18 Regular Season,Jesse Saban,D,N,North Bay Battalion,6.01,1997-01-14,68,3,11,10,24,14,398,0.04,106,2584,0.03,0.04,0.04,0.35
OHL,2017-18 Regular Season,Patrick Fellows,F,N,Erie Otters,6.03,1997-06-17,68,12,18,7,37,30,421,0.07,112,2584,0.11,0.04,0.06,0.54
OHL,2017-18 Regular Season,Trent Fox,F,N,Mississauga Steelheads,6.03,1997-07-16,60,24,20,9,53,44,476,0.09,215,2584,0.11,0.08,0.08,0.88
OHL,2017-18 Regular Season,Kyle Maksimovich,F,N,Erie Otters,5.09,1998-03-10,65,31,22,13,66,53,421,0.13,194,2584,0.16,0.08,0.11,1.02
OHL,2017-18 Regular Season,Taylor Raddysh,F,N,Erie Otters,6.02,1998-02-18,58,33,33,17,83,66,610,0.11,212,2584,0.16,0.08,0.1,1.43
OHL,2017-18 Regular Season,Kevin Hancock,F,N,Owen Sound Attack,5.11,1998-03-02,53,24,33,12,69,57,548,0.1,245,2584,0.1,0.09,0.09,1.3
OHL,2017-18 Regular Season,Adrian Carbonara,F,N,London Knights,6.02,1997-03-12,43,4,2,2,8,6,442,0.01,51,2584,0.08,0.02,0.01,0.19
OHL,2017-18 Regular Season,Jacob Friend,D,N,Owen Sound Attack,6.02,1997-07-28,61,3,17,10,30,20,548,0.04,105,2584,0.03,0.04,0.04,0.49
OHL,2017-18 Regular Season,Eric Henderson,F,N,Oshawa Generals,6.02,1998-04-23,66,7,11,4,22,18,468,0.04,111,2584,0.06,0.04,0.03,0.33
OHL,2017-18 Regular Season,Johnathon Schaefer,D,N,Niagara IceDogs,5.09,1998-04-04,53,1,4,5,10,5,466,0.01,46,2584,0.02,0.02,0.02,0.19
OHL,2017-18 Regular Season,Kyle Langdon,F,N,Niagara IceDogs,5.11,1998-08-26,56,3,8,1,12,11,466,0.02,70,2584,0.04,0.03,0.02,0.21
OHL,2017-18 Regular Season,Jacob Cascagnette,F,N,Mississauga Steelheads,6.03,1997-03-22,64,17,12,4,33,29,476,0.06,114,2584,0.15,0.04,0.05,0.52
OHL,2017-18 Regular Season,Luke Burghardt,F,N,North Bay Battalion,5.11,1998-05-12,68,28,25,18,71,53,398,0.13,191,2584,0.15,0.07,0.13,1.04
OHL,2017-18 Regular Season,Evan Krassey,F,N,Sudbury Wolves,6.03,1998-04-01,6,2,0,1,3,2,380,0.01,9,2584,0.22,0,0.01,0.5
OHL,2017-18 Regular Season,Chase Campbell,F,N,Owen Sound Attack,5.08,1998-06-24,57,3,11,6,20,14,548,0.03,73,2584,0.04,0.03,0.03,0.35
OHL,2017-18 Regular Season,Jacob Collins,F,N,Flint Firebirds,6.01,1998-04-20,61,4,4,0,8,8,360,0.02,83,2584,0.05,0.03,0.02,0.13
OHL,2017-18 Regular Season,Riley Stillman,D,N,Hamilton Bulldogs,6.02,1998-03-09,62,5,18,11,34,23,487,0.05,119,2584,0.04,0.05,0.05,0.55
OHL,2017-18 Regular Season,Domenico Commisso,F,N,Oshawa Generals,6.00,1998-02-19,63,23,16,23,62,39,468,0.08,145,2584,0.16,0.06,0.1,0.98
OHL,2017-18 Regular Season,Mac Hollowell,D,N,Sault Ste. Marie Greyhounds,5.09,1998-09-26,63,12,27,17,56,39,610,0.06,120,2584,0.1,0.05,0.07,0.89
OHL,2017-18 Regular Season,Franco Sproviero,F,N,Sarnia Sting,5.09,1998-08-05,64,10,21,6,37,31,573,0.05,120,2584,0.08,0.05,0.05,0.58
OHL,2017-18 Regular Season,Logan DeNoble,F,N,Peterborough Petes,5.11,1997-10-15,59,31,14,7,52,45,425,0.11,180,2584,0.17,0.07,0.09,0.88
OHL,2017-18 Regular Season,Mitchell Byrne,D,N,Erie Otters,5.11,1998-03-04,48,1,2,3,6,3,458,0.01,26,2584,0.04,0.01,0.01,0.12
OHL,2017-18 Regular Season,Hakon Nilsen,D,N,Flint Firebirds,6.00,1998-02-04,61,0,3,5,8,3,360,0.01,57,2584,0,0.02,0.02,0.13
OHL,2017-18 Regular Season,Liam Stevens,F,N,Guelph Storm,5.09,1999-04-23,4,1,0,0,1,1,438,0,2,2584,0.5,0,0,0.25
OHL,2017-18 Regular Season,Isaac Ratcliffe,F,N,Guelph Storm,6.06,1999-02-15,67,41,15,12,68,56,438,0.13,282,2584,0.15,0.11,0.11,1.01
OHL,2017-18 Regular Season,Cam Dineen,D,N,North Bay Battalion,5.11,1998-06-19,65,20,16,28,64,36,573,0.06,167,2584,0.12,0.06,0.08,0.98
OHL,2017-18 Regular Season,Brady Lyle,D,N,North Bay Battalion,6.01,1999-06-06,63,11,10,13,34,21,548,0.04,137,2584,0.08,0.05,0.05,0.54
OHL,2017-18 Regular Season,Max Kislinger,F,N,Flint Firebirds,6.03,1998-02-11,58,8,4,5,17,12,360,0.03,85,2584,0.09,0.03,0.04,0.29
OHL,2017-18 Regular Season,Elijah Roberts,D,N,Niagara IceDogs,5.09,1999-01-23,64,8,7,13,28,15,466,0.03,107,2584,0.07,0.04,0.04,0.44
OHL,2017-18 Regular Season,Joseph Garreffa,F,N,Kitchener Rangers,5.06,1999-08-09,68,12,26,27,65,38,469,0.08,103,2584,0.12,0.04,0.1,0.96
OHL,2017-18 Regular Season,Jake Henderson,F,N,Kitchener Rangers,6.03,1997-02-12,68,13,11,7,31,24,469,0.05,138,2584,0.09,0.05,0.05,0.46
OHL,2017-18 Regular Season,Nick McHugh,F,N,Kitchener Rangers,5.11,1999-02-13,66,11,9,6,26,20,469,0.04,80,2584,0.14,0.03,0.04,0.39
OHL,2017-18 Regular Season,Brendan Harrogate,F,N,Mississauga Steelheads,6.01,1998-02-13,54,10,9,6,25,19,476,0.04,108,2584,0.09,0.04,0.04,0.46
OHL,2017-18 Regular Season,Owen Tippett,F,N,Mississauga Steelheads,6.02,1999-02-16,51,36,26,13,75,62,476,0.13,275,2584,0.13,0.11,0.12,1.47
OHL,2017-18 Regular Season,Luke Kutkevicius,F,N,Windsor Spitfires,6.01,1998-03-25,40,13,5,4,22,18,400,0.04,59,2584,0.22,0.02,0.04,0.55
OHL,2017-18 Regular Season,Jacob Ball,F,N,North Bay Battalion,6.03,1999-01-16,4,0,0,0,0,0,398,0,2,2584,0,0,0,0
OHL,2017-18 Regular Season,Kyle Potts,F,N,North Bay Battalion,6.03,1998-05-26,61,9,9,7,25,18,398,0.05,104,2584,0.09,0.04,0.05,0.41
OHL,2017-18 Regular Season,Jakob Brahaney,D,N,Kingston Frontenacs,6.02,1999-03-26,67,5,15,10,30,20,458,0.04,121,2584,0.04,0.05,0.05,0.45
OHL,2017-18 Regular Season,Jacob Paquette,D,N,Kingston Frontenacs,6.03,1999-05-26,63,4,7,4,15,11,458,0.02,59,2584,0.07,0.02,0.02,0.24
OHL,2017-18 Regular Season,Ben Jones,F,N,Niagara IceDogs,6.00,1999-02-26,68,30,29,20,79,59,466,0.13,213,2584,0.14,0.08,0.12,1.16
OHL,2017-18 Regular Season,Austen Keating,F,N,Ottawa 67's,6.00,1999-03-07,66,24,16,12,52,40,423,0.09,186,2584,0.13,0.07,0.09,0.79
OHL,2017-18 Regular Season,Hudson Wilson,D,N,Ottawa 67's,6.03,1999-05-03,66,2,6,6,14,8,423,0.02,58,2584,0.03,0.02,0.02,0.21
OHL,2017-18 Regular Season,Noel Hoefenmayer,D,N,Ottawa 67's,6.00,1999-01-06,65,7,17,9,33,24,423,0.06,126,2584,0.06,0.05,0.06,0.51
OHL,2017-18 Regular Season,Hayden Davis,D,N,Saginaw Spirit,6.03,1999-07-21,68,4,11,12,27,15,379,0.04,93,2584,0.04,0.04,0.05,0.4
OHL,2017-18 Regular Season,David Levin,F,Y,Sudbury Wolves,5.10,1999-09-16,46,14,10,5,29,24,380,0.06,112,2584,0.12,0.04,0.06,0.63
OHL,2017-18 Regular Season,Dmitry Sokolov,F,N,Barrie Colts,6.00,1998-04-14,64,50,25,21,96,75,380,0.2,268,2584,0.19,0.1,0.19,1.5
OHL,2017-18 Regular Season,Max Jones,F,N,Kingston Frontenacs,6.03,1998-02-17,31,19,3,2,24,22,442,0.05,122,2584,0.16,0.05,0.04,0.77
OHL,2017-18 Regular Season,Robert Thomas,F,N,Hamilton Bulldogs,6.01,1999-07-02,49,24,30,21,75,54,487,0.11,117,2584,0.21,0.05,0.11,1.53
OHL,2017-18 Regular Season,Evan Bouchard,D,Y,London Knights,6.02,1999-10-20,67,25,35,27,87,60,442,0.14,297,2584,0.08,0.11,0.15,1.3
OHL,2017-18 Regular Season,Sam Miletic,F,N,London Knights,6.01,1997-05-04,63,36,32,24,92,68,442,0.15,245,2584,0.15,0.09,0.15,1.46
OHL,2017-18 Regular Season,Kole Sherwood,F,N,Kitchener Rangers,6.01,1997-01-22,57,30,22,8,60,52,469,0.11,216,2584,0.14,0.08,0.09,1.05
OHL,2017-18 Regular Season,Nicolas Mattinen,D,N,Flint Firebirds,6.05,1998-03-05,64,8,8,14,30,16,487,0.03,174,2584,0.05,0.07,0.04,0.47
OHL,2017-18 Regular Season,Justin Murray,D,N,Barrie Colts,6.00,1998-08-22,62,6,12,13,31,18,576,0.03,133,2584,0.05,0.05,0.04,0.5
OHL,2017-18 Regular Season,Jalen Smereck,D,N,Flint Firebirds,6.01,1997-01-15,46,10,15,9,34,25,360,0.07,184,2584,0.05,0.07,0.07,0.74
OHL,2017-18 Regular Season,Kyle MacLean,F,N,Oshawa Generals,6.01,1999-04-29,44,10,8,10,28,18,468,0.04,70,2584,0.14,0.03,0.04,0.64
OHL,2017-18 Regular Season,Jack Studnicka,F,N,Oshawa Generals,6.02,1999-02-18,66,22,37,13,72,59,468,0.13,215,2584,0.1,0.08,0.11,1.09
OHL,2017-18 Regular Season,Sasha Chmelevski,F,N,Ottawa 67's,6.00,1999-06-09,68,35,21,20,76,56,423,0.13,280,2584,0.12,0.11,0.13,1.12
OHL,2017-18 Regular Season,Ryan McGregor,F,N,Sarnia Sting,6.01,1999-01-29,50,13,11,8,32,24,573,0.04,103,2584,0.13,0.04,0.04,0.64
OHL,2017-18 Regular Season,C.J. Clarke,F,N,Flint Firebirds,6.00,1999-02-08,66,16,8,4,28,24,360,0.07,131,2584,0.12,0.05,0.06,0.42
OHL,2017-18 Regular Season,Zach Gallant,F,N,Peterborough Petes,6.02,1999-03-06,54,16,12,3,31,28,425,0.07,121,2584,0.13,0.05,0.05,0.57
OHL,2017-18 Regular Season,Cole Fraser,D,N,Peterborough Petes,6.02,1999-08-23,50,3,4,4,11,7,425,0.02,69,2584,0.04,0.03,0.02,0.22
OHL,2017-18 Regular Season,Nick Grima,D,N,Sarnia Sting,6.00,1999-03-07,65,1,5,10,16,6,573,0.01,65,2584,0.02,0.03,0.02,0.25
OHL,2017-18 Regular Season,Ryan Cranford,F,N,Kingston Frontenacs,6.00,1998-04-09,68,16,8,9,33,24,458,0.05,187,2584,0.09,0.07,0.05,0.49
OHL,2017-18 Regular Season,Jason Robertson,F,N,Kingston Frontenacs,6.03,1999-07-22,68,41,26,20,87,67,458,0.15,308,2584,0.13,0.12,0.14,1.28
OHL,2017-18 Regular Season,Nolan Gardiner,F,N,Ottawa 67's,6.00,1998-09-09,18,1,0,0,1,1,423,0,13,2584,0.08,0.01,0,0.06
OHL,2017-18 Regular Season,Brady Gilmour,F,N,Saginaw Spirit,5.11,1999-04-18,41,9,9,7,25,18,379,0.05,93,2584,0.1,0.04,0.05,0.61
OHL,2017-18 Regular Season,Cole Coskey,F,N,Saginaw Spirit,6.01,1999-06-01,68,27,14,9,50,41,379,0.11,167,2584,0.16,0.06,0.1,0.74
OHL,2017-18 Regular Season,Kirill Maksimov,F,N,Niagara IceDogs,6.02,1999-06-01,62,34,26,20,80,60,466,0.13,227,2584,0.15,0.09,0.12,1.29
OHL,2017-18 Regular Season,Matthew Strome,F,N,Hamilton Bulldogs,6.04,1999-01-06,65,37,20,11,68,57,487,0.12,185,2584,0.2,0.07,0.1,1.05
OHL,2017-18 Regular Season,Joseph Mizzi,F,N,Windsor Spitfires,5.09,1998-04-19,4,0,0,0,0,0,400,0,4,2584,0,0,0,0
OHL,2017-18 Regular Season,MacKenzie Entwistle,F,N,Hamilton Bulldogs,6.03,1999-07-14,49,13,15,10,38,28,487,0.06,127,2584,0.1,0.05,0.06,0.78
OHL,2017-18 Regular Season,Reilly Webb,D,N,Hamilton Bulldogs,6.03,1999-05-04,66,1,3,0,4,4,487,0.01,79,2584,0.01,0.03,0.01,0.06
OHL,2017-18 Regular Season,Fedor Gordeev,D,N,Flint Firebirds,6.06,1999-01-27,67,8,10,7,25,18,360,0.05,168,2584,0.05,0.07,0.05,0.37
OHL,2017-18 Regular Season,Nicolas Hague,D,N,Mississauga Steelheads,6.05,1998-12-05,67,35,22,21,78,57,476,0.12,270,2584,0.13,0.1,0.12,1.16
OHL,2017-18 Regular Season,Austin Osmanski,D,N,Mississauga Steelheads,6.04,1998-04-30,65,1,5,12,18,6,476,0.01,93,2584,0.01,0.04,0.03,0.28
OHL,2017-18 Regular Season,Kyle Auger,D,N,Ottawa 67's,5.10,1999-01-02,7,0,1,2,3,1,423,0,8,2584,0,0,0.01,0.43
OHL,2017-18 Regular Season,Luke Boka,F,N,Windsor Spitfires,5.11,1999-06-12,64,15,14,11,40,29,400,0.07,130,2584,0.12,0.05,0.07,0.62
OHL,2017-18 Regular Season,Gabriel Vilardi,F,N,Kingston Frontenacs,6.03,1999-08-16,32,22,23,13,58,45,458,0.1,113,2584,0.19,0.04,0.09,1.81
OHL,2017-18 Regular Season,Cole Carter,F,N,Kitchener Rangers,5.09,1998-07-06,66,24,12,8,44,36,469,0.08,180,2584,0.13,0.07,0.07,0.67
OHL,2017-18 Regular Season,Matt Brassard,D,N,Oshawa Generals,6.03,1998-08-08,67,16,16,19,51,32,468,0.07,218,2584,0.07,0.08,0.08,0.76
OHL,2017-18 Regular Season,Tyler Rollo,F,N,London Knights,5.10,1997-07-30,62,12,13,9,34,25,442,0.06,92,2584,0.13,0.04,0.06,0.55
OHL,2017-18 Regular Season,Aidan Brown,F,Y,Barrie Colts,6.01,1999-09-23,57,7,6,4,17,13,576,0.02,82,2584,0.09,0.03,0.02,0.3
OHL,2017-18 Regular Season,Markus Phillips,D,N,Owen Sound Attack,6.00,1999-03-21,68,10,16,13,39,26,548,0.05,147,2584,0.07,0.06,0.05,0.57
OHL,2017-18 Regular Season,Matthew Struthers,F,Y,North Bay Battalion,6.02,1999-12-26,62,23,11,11,45,34,548,0.06,165,2584,0.14,0.06,0.06,0.73
OHL,2017-18 Regular Season,Nick Suzuki,F,N,Owen Sound Attack,5.11,1999-08-10,64,42,34,24,100,76,548,0.14,282,2584,0.15,0.11,0.13,1.56
OHL,2017-18 Regular Season,Sean Durzi,D,N,Owen Sound Attack,5.11,1998-10-21,40,15,13,21,49,28,548,0.05,122,2584,0.12,0.05,0.07,1.23
OHL,2017-18 Regular Season,Nick Deakin-Poot,F,N,Guelph Storm,6.04,1999-01-28,2,0,0,1,1,0,438,0,0,2584,,0,0,0.5
OHL,2017-18 Regular Season,Justin Brazeau,F,N,North Bay Battalion,6.05,1998-02-02,68,39,28,8,75,67,398,0.17,265,2584,0.15,0.1,0.14,1.1
OHL,2017-18 Regular Season,Brad Chenier,F,N,North Bay Battalion,5.11,1999-01-20,66,17,8,6,31,25,398,0.06,123,2584,0.14,0.05,0.06,0.47
OHL,2017-18 Regular Season,Sullivan Sparkes,F,N,Oshawa Generals,5.11,1999-05-04,4,0,0,0,0,0,468,0,5,2584,0,0,0,0
OHL,2017-18 Regular Season,Christian Girhiny,F,N,Erie Otters,5.11,1998-08-21,56,10,9,6,25,19,421,0.05,120,2584,0.08,0.05,0.04,0.45
OHL,2017-18 Regular Season,Ivan Lodnia,F,N,Erie Otters,5.10,1999-08-31,62,22,25,12,59,47,421,0.11,216,2584,0.1,0.08,0.1,0.95
OHL,2017-18 Regular Season,Brett Neumann,F,N,Kingston Frontenacs,5.08,1999-02-15,68,18,15,9,42,33,458,0.07,218,2584,0.08,0.08,0.07,0.62
OHL,2017-18 Regular Season,Jordan Sambrook,D,N,Erie Otters,6.02,1998-04-11,67,10,11,18,39,21,610,0.03,125,2584,0.08,0.05,0.05,0.58
OHL,2017-18 Regular Season,Josh Wainman,D,N,Erie Otters,6.00,1999-02-20,67,4,2,10,16,6,421,0.01,75,2584,0.05,0.03,0.03,0.24
OHL,2017-18 Regular Season,Nick Isaacson,F,N,Peterborough Petes,6.02.,1999-08-11,29,3,2,2,7,5,425,0.01,47,2584,0.06,0.02,0.01,0.24
OHL,2017-18 Regular Season,Nate Schnarr,F,N,Guelph Storm,6.03,1999-02-25,57,16,15,8,39,31,438,0.07,143,2584,0.11,0.06,0.06,0.68
OHL,2017-18 Regular Season,Ian McKinnon,F,N,London Knights,6.02,1998-03-05,45,0,3,2,5,3,442,0.01,50,2584,0,0.02,0.01,0.11
OHL,2017-18 Regular Season,Ryan McLeod,F,Y,Mississauga Steelheads,6.02,1999-09-21,68,26,24,20,70,50,476,0.11,165,2584,0.16,0.06,0.11,1.03
OHL,2017-18 Regular Season,Macauley Carson,F,N,Sudbury Wolves,6.02,1999-03-12,48,11,10,4,25,21,380,0.06,72,2584,0.15,0.03,0.05,0.52
OHL,2017-18 Regular Season,Shane Bulitka,F,N,Sudbury Wolves,5.11,1999-07-09,67,10,14,9,33,24,380,0.06,95,2584,0.11,0.04,0.06,0.49
OHL,2017-18 Regular Season,Ben Garagan,F,N,Hamilton Bulldogs,5.11,1999-01-06,50,1,3,4,8,4,487,0.01,46,2584,0.02,0.02,0.01,0.16
OHL,2017-18 Regular Season,Drake Pilon,F,N,Sudbury Wolves,5.10,1998-10-02,63,16,9,4,29,25,380,0.07,103,2584,0.16,0.04,0.06,0.46
OHL,2017-18 Regular Season,Darian Pilon,F,N,Sudbury Wolves,5.10,1998-10-02,62,13,12,8,33,25,380,0.07,119,2584,0.11,0.05,0.06,0.53
OHL,2017-18 Regular Season,Alan Lyszczarczyk,F,N,Owen Sound Attack,6.00,1998-02-17,59,21,9,11,41,30,548,0.05,170,2584,0.12,0.07,0.05,0.69
OHL,2017-18 Regular Season,Cal Davis,F,N,Kingston Frontenacs,6.01,1999-03-21,15,2,0,0,2,2,458,0,14,2584,0.14,0.01,0,0.13
OHL,2017-18 Regular Season,Joshua Dame,F,N,Niagara IceDogs,5.09,1998-03-05,13,1,2,1,4,3,466,0.01,7,2584,0.14,0,0.01,0.31
OHL,2017-18 Regular Season,Anthony DeMeo,D,N,Sault Ste. Marie Greyhounds,6.00,1999-06-16,67,1,5,12,18,6,610,0.01,49,2584,0.02,0.02,0.02,0.27
OHL,2017-18 Regular Season,Theo Calvas,D,N,Sarnia Sting,6.04,1998-08-06,68,3,10,10,23,13,573,0.02,79,2584,0.04,0.03,0.03,0.34
OHL,2017-18 Regular Season,Morgan Frost,F,N,Sault Ste. Marie Greyhounds,6.00,1999-05-14,67,42,45,25,112,87,610,0.14,201,2584,0.21,0.08,0.13,1.67
OHL,2017-18 Regular Season,Conor Timmins,D,N,Sault Ste. Marie Greyhounds,6.02,1998-09-18,36,8,19,14,41,27,610,0.04,93,2584,0.09,0.04,0.05,1.14
OHL,2017-18 Regular Season,Liam Hawel,F,N,Guelph Storm,6.05,1999-04-18,62,14,15,12,41,29,438,0.07,111,2584,0.13,0.04,0.07,0.66
OHL,2017-18 Regular Season,William Lochead,D,N,Niagara IceDogs,6.00,1998-03-30,55,5,2,2,9,7,466,0.02,71,2584,0.07,0.03,0.01,0.16
OHL,2017-18 Regular Season,Zachary Magwood,F,N,Barrie Colts,5.10,1998-04-22,65,27,23,9,59,50,576,0.09,148,2584,0.18,0.06,0.07,0.91
OHL,2017-18 Regular Season,Kade Landry,D,N,Barrie Colts,6.01,1999-05-03,61,4,10,13,27,14,487,0.03,105,2584,0.04,0.04,0.04,0.44
OHL,2017-18 Regular Season,Greg Meireles,F,N,Kitchener Rangers,5.10,1999-01-01,55,13,6,11,30,19,469,0.04,114,2584,0.11,0.04,0.05,0.55
OHL,2017-18 Regular Season,Calvin Martin,F,Y,Sault Ste. Marie Greyhounds,6.00,1999-09-16,19,1,0,0,1,1,610,0,14,2584,0.07,0.01,0,0.05
OHL,2017-18 Regular Season,Zachary Roberts,F,N,Owen Sound Attack,6.00,1999-08-04,23,3,2,3,8,5,548,0.01,38,2584,0.08,0.01,0.01,0.35
OHL,2017-18 Regular Season,Aidan McFarland,F,N,Mississauga Steelheads,5.11,1999-04-05,4,0,0,0,0,0,476,0,3,2584,0,0,0,0
OHL,2017-18 Regular Season,Tyler Burnie,F,N,Kingston Frontenacs,6.04,1999-02-09,55,17,5,7,29,22,458,0.05,108,2584,0.16,0.04,0.05,0.53
OHL,2017-18 Regular Season,Cedric Ralph,F,N,Guelph Storm,5.09,1999-01-21,68,24,9,3,36,33,438,0.08,104,2584,0.23,0.04,0.06,0.53
OHL,2017-18 Regular Season,Conor Ali,D,N,Kingston Frontenacs,6.00,1999-03-09,65,0,5,5,10,5,380,0.01,34,2584,0,0.01,0.02,0.15
OHL,2017-18 Regular Season,Serron Noel,F,Y,Oshawa Generals,6.05,2000-08-08,62,28,14,11,53,42,468,0.09,105,2584,0.27,0.04,0.08,0.85
OHL,2017-18 Regular Season,Giovanni Vallati,D,Y,Kitchener Rangers,6.02,2000-02-21,65,3,8,15,26,11,469,0.02,56,2584,0.05,0.02,0.04,0.4
OHL,2017-18 Regular Season,Riley Damiani,F,Y,Kitchener Rangers,5.10,2000-03-20,64,19,12,6,37,31,469,0.07,172,2584,0.11,0.07,0.06,0.58
OHL,2017-18 Regular Season,Adam McMaster,F,Y,North Bay Battalion,5.10,2000-02-24,64,9,13,6,28,22,398,0.06,135,2584,0.07,0.05,0.05,0.44
OHL,2017-18 Regular Season,Adam Thilander,D,N,North Bay Battalion,6.00,1998-09-18,68,12,15,15,42,27,398,0.07,184,2584,0.07,0.07,0.08,0.62
OHL,2017-18 Regular Season,Eemeli Rasanen,D,N,Kingston Frontenacs,6.07,1999-03-06,61,5,9,19,33,14,458,0.03,100,2584,0.05,0.04,0.05,0.54
OHL,2017-18 Regular Season,Danil Antropov,F,N,Oshawa Generals,6.01,2000-12-20,59,15,10,6,31,25,468,0.05,69,2584,0.22,0.03,0.05,0.53
OHL,2017-18 Regular Season,Max Grondin,F,Y,Saginaw Spirit,6.03,2000-07-04,66,11,11,5,27,22,379,0.06,98,2584,0.11,0.04,0.05,0.41
OHL,2017-18 Regular Season,Damien Giroux,F,Y,Saginaw Spirit,5.10,2000-03-03,68,19,13,11,43,32,379,0.08,133,2584,0.14,0.05,0.08,0.63
OHL,2017-18 Regular Season,Eric Guest,F,Y,Kitchener Rangers,5.08,2000-04-25,43,6,3,1,10,9,469,0.02,45,2584,0.13,0.02,0.02,0.23
OHL,2017-18 Regular Season,Gianluca Fuoco,F,N,Erie Otters,6.02,1999-01-01,1,0,0,0,0,0,421,0,0,2584,,0,0,0
OHL,2017-18 Regular Season,Alex Peterson,D,N,Kitchener Rangers,6.02,1999-05-26,7,0,0,0,0,0,469,0,3,2584,0,0,0,0
OHL,2017-18 Regular Season,Cedric Schiemenz,F,N,Windsor Spitfires,5.11,1999-03-01,25,1,5,4,10,6,400,0.02,22,2584,0.05,0.01,0.02,0.4
OHL,2017-18 Regular Season,Rhys Forhan,F,Y,North Bay Battalion,5.10,2000-01-17,38,1,4,2,7,5,398,0.01,41,2584,0.02,0.02,0.01,0.18
OHL,2017-18 Regular Season,Linus Nyman,F,N,Kingston Frontenacs,5.10,1999-07-11,67,39,26,20,85,65,458,0.14,195,2584,0.2,0.08,0.13,1.27
OHL,2017-18 Regular Season,Nathan Dunkley,F,Y,Kingston Frontenacs,5.11,2000-03-05,60,21,20,16,57,41,442,0.09,110,2584,0.19,0.04,0.1,0.95
OHL,2017-18 Regular Season,Sergey Popov,F,Y,Kingston Frontenacs,5.11,2000-03-27,63,10,9,5,24,19,442,0.04,114,2584,0.09,0.04,0.04,0.38
OHL,2017-18 Regular Season,Ryan Merkley,D,Y,Guelph Storm,5.11,2000-08-14,63,13,36,18,67,49,438,0.11,144,2584,0.09,0.06,0.11,1.06
OHL,2017-18 Regular Season,Luke Moncada,F,Y,North Bay Battalion,6.00,2000-05-29,67,9,9,6,24,18,398,0.05,81,2584,0.11,0.03,0.04,0.36
OHL,2017-18 Regular Season,Albert Michnac,F,N,Mississauga Steelheads,5.11,1998-10-18,59,21,16,23,60,37,476,0.08,167,2584,0.13,0.06,0.09,1.02
OHL,2017-18 Regular Season,Dmitri Samorukov,D,N,Guelph Storm,6.02,1999-06-16,62,11,10,13,34,21,438,0.05,141,2584,0.08,0.05,0.06,0.55
OHL,2017-18 Regular Season,Alex Gritz,F,Y,Erie Otters,6.0,2000-09-15,67,13,7,10,30,20,421,0.05,97,2584,0.13,0.04,0.05,0.45
OHL,2017-18 Regular Season,Barrett Hayton,F,Y,Sault Ste. Marie Greyhounds,6.01,2000-06-09,63,21,23,16,60,44,610,0.07,158,2584,0.13,0.06,0.07,0.95
OHL,2017-18 Regular Season,Liam Foudy,F,Y,London Knights,6.01,2000-02-04,65,24,10,6,40,34,442,0.08,136,2584,0.18,0.05,0.07,0.62
OHL,2017-18 Regular Season,Jacob Golden,D,N,London Knights,6.00,1999-03-20,63,2,4,8,14,6,442,0.01,73,2584,0.03,0.03,0.02,0.22
OHL,2017-18 Regular Season,Ian Blacker,D,N,Oshawa Generals,6.04,1999-05-27,48,1,3,2,6,4,468,0.01,29,2584,0.03,0.01,0.01,0.12
OHL,2017-18 Regular Season,Richard Whittaker,F,Y,London Knights,6.00,2000-04-08,54,5,4,4,13,9,442,0.02,47,2584,0.11,0.02,0.02,0.24
OHL,2017-18 Regular Season,Billy Moskal,F,Y,London Knights,6.00,2000-03-22,66,7,12,7,26,19,442,0.04,71,2584,0.1,0.03,0.04,0.39
OHL,2017-18 Regular Season,Cole Tymkin,F,N,London Knights,6.01,1999-04-05,58,8,13,5,26,21,442,0.05,84,2584,0.1,0.03,0.04,0.45
OHL,2017-18 Regular Season,Alex Formenton,F,N,London Knights,6.02,1999-09-13,48,29,9,10,48,38,442,0.09,175,2584,0.17,0.07,0.08,1
OHL,2017-18 Regular Season,Josh Nelson,F,N,London Knights,5.11,1999-05-27,65,8,5,2,15,13,442,0.03,56,2584,0.14,0.02,0.03,0.23
OHL,2017-18 Regular Season,Connor Roberts,F,Y,Flint Firebirds,6.04,2000-02-22,66,18,13,4,35,31,487,0.06,131,2584,0.14,0.05,0.05,0.53
OHL,2017-18 Regular Season,Adam Ruzicka,F,N,Sarnia Sting,6.04,1999-05-11,63,36,25,11,72,61,573,0.11,236,2584,0.15,0.09,0.09,1.14
OHL,2017-18 Regular Season,Sean Josling,F,N,Sarnia Sting,5.11,1999-03-22,68,21,11,6,38,32,573,0.06,146,2584,0.14,0.06,0.05,0.56
OHL,2017-18 Regular Season,Curtis Egert,F,N,Sarnia Sting,6.00,1999-02-04,35,4,1,5,10,5,573,0.01,42,2584,0.1,0.02,0.01,0.29
OHL,2017-18 Regular Season,Kelton Hatcher,D,N,Sarnia Sting,6.02,1999-04-19,62,0,4,7,11,4,573,0.01,38,2584,0,0.01,0.01,0.18
OHL,2017-18 Regular Season,Jordan Ernst,F,N,Sarnia Sting,6.01,1997-06-18,68,27,20,7,54,47,573,0.08,224,2584,0.12,0.09,0.07,0.79
OHL,2017-18 Regular Season,Tyler Tucker,D,Y,Barrie Colts,6.01,2000-03-01,59,3,7,13,23,10,576,0.02,103,2584,0.03,0.04,0.03,0.39
OHL,2017-18 Regular Season,Christopher Cameron,D,N,Barrie Colts,6.04,1999-05-29,63,2,3,6,11,5,576,0.01,49,2584,0.04,0.02,0.01,0.17
OHL,2017-18 Regular Season,Jason Willms,F,N,Barrie Colts,6.00,1999-02-08,68,27,25,7,59,52,576,0.09,198,2584,0.14,0.08,0.07,0.87
OHL,2017-18 Regular Season,Peter Stratis,D,Y,Ottawa 67's,6.00,2000-01-18,67,6,8,11,25,14,380,0.04,86,2584,0.07,0.03,0.05,0.37
OHL,2017-18 Regular Season,Carter Robertson,D,Y,Ottawa 67's,6.02,2000-01-15,57,5,6,7,18,11,423,0.03,68,2584,0.07,0.03,0.03,0.32
OHL,2017-18 Regular Season,Kevin Bahl,D,Y,Ottawa 67's,6.06,2000-06-27,58,1,8,9,18,9,423,0.02,58,2584,0.02,0.02,0.03,0.31
OHL,2017-18 Regular Season,Kody Clark,F,Y,Ottawa 67's,6.01,1999-10-13,56,18,13,8,39,31,423,0.07,128,2584,0.14,0.05,0.07,0.7
OHL,2017-18 Regular Season,Michael Little,F,Y,Mississauga Steelheads,6.00,2000-02-21,65,14,9,5,28,23,476,0.05,106,2584,0.13,0.04,0.04,0.43
OHL,2017-18 Regular Season,Jacob Moverare,D,N,Mississauga Steelheads,6.02,1998-08-31,32,3,8,10,21,11,476,0.02,54,2584,0.06,0.02,0.03,0.66
OHL,2017-18 Regular Season,Akil Thomas,F,Y,Niagara IceDogs,5.11,2000-01-02,68,22,31,28,81,53,466,0.11,198,2584,0.11,0.08,0.13,1.19
OHL,2017-18 Regular Season,Maksim Sushko,F,N,Owen Sound Attack,6.00,1999-02-10,60,31,16,13,60,47,548,0.09,144,2584,0.22,0.06,0.08,1
OHL,2017-18 Regular Season,Brock Hill,D,N,Saginaw Spirit,6.03,1999-01-27,22,0,3,2,5,3,379,0.01,9,2584,0,0,0.01,0.23
OHL,2017-18 Regular Season,William Ennis,D,Y,Oshawa Generals,6.03,2000-05-31,66,1,1,9,11,2,468,0,42,2584,0.02,0.02,0.02,0.17
OHL,2017-18 Regular Season,Riley McCourt,D,Y,Flint Firebirds,5.11,2000-06-26,56,5,6,11,22,11,487,0.02,59,2584,0.08,0.02,0.03,0.39
OHL,2017-18 Regular Season,Emmett Gordon,D,Y,Kingston Frontenacs,5.11,2000-01-31,44,0,1,1,2,1,458,0,20,2584,0,0.01,0,0.05
OHL,2017-18 Regular Season,Marian Studenic,F,N,Hamilton Bulldogs,6.01,1998-10-28,62,20,19,9,48,39,487,0.08,145,2584,0.14,0.06,0.07,0.77
OHL,2017-18 Regular Season,Justin Pringle,F,Y,Kingston Frontenacs,6.00,2000-03-08,25,3,1,0,4,4,458,0.01,17,2584,0.18,0.01,0.01,0.16
OHL,2017-18 Regular Season,Zachary Jackson,F,N,Hamilton Bulldogs,6.03,1999-01-11,42,3,2,2,7,5,487,0.01,24,2584,0.12,0.01,0.01,0.17
OHL,2017-18 Regular Season,Paul Larabie,F,Y,Kingston Frontenacs,6.00,2000-01-28,51,0,3,6,9,3,458,0.01,34,2584,0,0.01,0.01,0.18
OHL,2017-18 Regular Season,Colin Van Den Hurk,D,N,Kingston Frontenacs,5.11,1999-05-26,1,0,0,0,0,0,458,0,0,2584,,0,0,0
OHL,2017-18 Regular Season,Isaac Nurse,F,N,Hamilton Bulldogs,5.11,1999-03-16,68,17,9,4,30,26,487,0.05,120,2584,0.14,0.05,0.04,0.44
OHL,2017-18 Regular Season,Riley Coome,D,N,London Knights,6.04,1999-07-07,61,0,1,4,5,1,442,0,45,2584,0,0.02,0.01,0.08
OHL,2017-18 Regular Season,Mitchell Hoelscher,F,Y,Ottawa 67's,6.00,2000-01-27,67,10,12,6,28,22,423,0.05,105,2584,0.1,0.04,0.05,0.42
OHL,2017-18 Regular Season,Barret Kirwin,F,Y,Guelph Storm,5.08,2000-02-18,68,13,12,6,31,25,438,0.06,120,2584,0.11,0.05,0.05,0.46
OHL,2017-18 Regular Season,Liam Ham,D,N,Niagara IceDogs,5.10,1999-02-03,63,6,15,11,32,21,466,0.05,108,2584,0.06,0.04,0.05,0.51
OHL,2017-18 Regular Season,Ondrej Machala,F,N,Niagara IceDogs,6.00,1999-01-11,17,1,2,1,4,3,466,0.01,33,2584,0.03,0.01,0.01,0.24
OHL,2017-18 Regular Season,Ty Dellandrea,F,Y,Flint Firebirds,6.00,2000-07-21,67,27,20,12,59,47,360,0.13,239,2584,0.11,0.09,0.12,0.88
OHL,2017-18 Regular Season,Kyle Bollers,F,N,Saginaw Spirit,5.11,1999-03-12,56,8,4,6,18,12,379,0.03,84,2584,0.1,0.03,0.03,0.32
OHL,2017-18 Regular Season,Jake Durham,F,N,Flint Firebirds,5.10,1999-04-07,68,8,14,8,30,22,360,0.06,106,2584,0.08,0.04,0.06,0.44
OHL,2017-18 Regular Season,Danial Singer,F,N,Niagara IceDogs,5.07,1999-02-10,67,26,11,11,48,37,466,0.08,156,2584,0.17,0.06,0.07,0.72
OHL,2017-18 Regular Season,Justin MacPherson,D,Y,Niagara IceDogs,6.01,2000-06-23,66,0,7,10,17,7,466,0.02,63,2584,0,0.02,0.03,0.26
OHL,2017-18 Regular Season,Drew Hunter,D,N,Niagara IceDogs,6.03,1999-02-06,51,4,5,1,10,9,466,0.02,62,2584,0.06,0.02,0.02,0.2
OHL,2017-18 Regular Season,Matthew Philip,F,N,Niagara IceDogs,5.11,1999-05-31,68,16,15,6,37,31,466,0.07,145,2584,0.11,0.06,0.06,0.54
OHL,2017-18 Regular Season,Kyle Heitzner,F,N,Barrie Colts,5.10,1999-07-17,58,5,6,2,13,11,576,0.02,54,2584,0.09,0.02,0.02,0.22
OHL,2017-18 Regular Season,Jaden Peca,F,N,Barrie Colts,5.11,1999-04-18,64,16,19,12,47,35,576,0.06,102,2584,0.16,0.04,0.06,0.73
OHL,2017-18 Regular Season,Hunter Holmes,F,Y,Flint Firebirds,6.01,2000-01-25,40,11,7,2,20,18,360,0.05,73,2584,0.15,0.03,0.04,0.5
OHL,2017-18 Regular Season,Ryan Littlejohn,F,Y,Flint Firebirds,6.02,2000-02-11,65,3,4,4,11,7,360,0.02,33,2584,0.09,0.01,0.02,0.17
OHL,2017-18 Regular Season,Jack Phibbs,F,N,Flint Firebirds,5.11,1999-03-05,55,3,5,3,11,8,360,0.02,69,2584,0.04,0.03,0.02,0.2
OHL,2017-18 Regular Season,Dennis Busby,D,Y,Flint Firebirds,5.11,2000-01-06,2,0,0,0,0,0,360,0,0,2584,,0,0,0
OHL,2017-18 Regular Season,Liam Peyton,F,Y,Kitchener Rangers,6.00,2000-03-30,3,0,0,0,0,0,469,0,3,2584,0,0,0,0
OHL,2017-18 Regular Season,Austin McEneny,D,N,Kitchener Rangers,5.11,1997-04-10,61,6,11,13,30,17,469,0.04,85,2584,0.07,0.03,0.05,0.49
OHL,2017-18 Regular Season,Tyler Angle,F,N,Windsor Spitfires,5.09,2000-09-30,67,10,4,3,17,14,400,0.04,113,2584,0.09,0.04,0.03,0.25
OHL,2017-18 Regular Season,Connor Corcoran,D,Y,Windsor Spitfires,6.02,2000-08-07,63,3,9,12,24,12,400,0.03,94,2584,0.03,0.04,0.04,0.38
OHL,2017-18 Regular Season,Chris Playfair,F,Y,Windsor Spitfires,6.01,2000-05-31,66,5,7,5,17,12,400,0.03,64,2584,0.08,0.02,0.03,0.26
OHL,2017-18 Regular Season,Cole Purboo,F,N,Windsor Spitfires,6.03,1999-06-18,68,21,20,8,49,41,400,0.1,172,2584,0.12,0.07,0.09,0.72
OHL,2017-18 Regular Season,Cole Cameron,D,N,Owen Sound Attack,5.11,1998-05-09,66,1,3,7,11,4,548,0.01,55,2584,0.02,0.02,0.01,0.17
OHL,2017-18 Regular Season,Luke Beamish,D,Y,Erie Otters,5.10,2000-06-15,39,0,5,2,7,5,548,0.01,16,2584,0,0.01,0.01,0.18
OHL,2017-18 Regular Season,Aidan Dudas,F,Y,Owen Sound Attack,5.08,2000-06-15,68,31,20,14,65,51,548,0.09,221,2584,0.14,0.09,0.09,0.96
OHL,2017-18 Regular Season,Shaw Boomhower,F,N,Mississauga Steelheads,5.11,1998-10-31,39,9,4,3,16,13,476,0.03,59,2584,0.15,0.02,0.02,0.41
OHL,2017-18 Regular Season,Jacob LeGuerrier,D,N,Sault Ste. Marie Greyhounds,6.02,2000-11-22,62,0,5,6,11,5,610,0.01,46,2584,0,0.02,0.01,0.18
OHL,2017-18 Regular Season,Holden Wale,D,Y,Sault Ste. Marie Greyhounds,6.00,2000-07-28,37,1,1,2,4,2,610,0,18,2584,0.06,0.01,0,0.11
OHL,2017-18 Regular Season,Brady Hinz,F,Y,Peterborough Petes,5.08,2000-05-03,68,18,16,8,42,34,573,0.06,99,2584,0.18,0.04,0.05,0.62
OHL,2017-18 Regular Season,Pavel Gogolev,F,Y,Peterborough Petes,6.00,2000-02-19,66,30,10,7,47,40,425,0.09,183,2584,0.16,0.07,0.08,0.71
OHL,2017-18 Regular Season,Semyon Der-Arguchintsev,F,Y,Peterborough Petes,5.10,2000-09-15,68,12,20,19,51,32,425,0.08,102,2584,0.12,0.04,0.09,0.75
OHL,2017-18 Regular Season,Declan Chisholm,D,Y,Peterborough Petes,6.00,2000-01-12,47,3,9,8,20,12,425,0.03,46,2584,0.07,0.02,0.04,0.43
OHL,2017-18 Regular Season,Matyas Svoboda,F,N,Peterborough Petes,6.03,1999-01-02,34,2,0,2,4,2,425,0,25,2584,0.08,0.01,0.01,0.12
OHL,2017-18 Regular Season,Owen Lalonde,D,Y,Guelph Storm,6.01,2000-02-01,67,1,10,11,22,11,438,0.03,59,2584,0.02,0.02,0.04,0.33
OHL,2017-18 Regular Season,Owen Gilhula,F,Y,Sudbury Wolves,5.10,2000-05-11,52,6,6,1,13,12,380,0.03,67,2584,0.09,0.03,0.03,0.25
OHL,2017-18 Regular Season,Dawson Baker,F,Y,Sudbury Wolves,6.00,2000-04-10,61,6,5,2,13,11,380,0.03,78,2584,0.08,0.03,0.03,0.21
OHL,2017-18 Regular Season,Kyle Gentles,D,N,Kitchener Rangers,6.00,1998-05-30,60,2,5,4,11,7,469,0.01,44,2584,0.05,0.02,0.02,0.18
OHL,2017-18 Regular Season,Matthew Titus,F,N,Mississauga Steelheads,6.02,1999-05-15,11,0,0,0,0,0,476,0,9,2584,0,0,0,0
OHL,2017-18 Regular Season,Eric Allair,D,N,North Bay Battalion,6.00,1999-07-01,13,0,1,0,1,1,398,0,12,2584,0,0,0,0.08
OHL,2017-18 Regular Season,Alex Robert,F,N,North Bay Battalion,6.00,1999-07-06,30,0,0,0,0,0,398,0,16,2584,0,0.01,0,0
OHL,2017-18 Regular Season,Daniel Walker,F,N,North Bay Battalion,6.04,1999-05-18,35,7,3,0,10,10,398,0.03,74,2584,0.09,0.03,0.02,0.29
OHL,2017-18 Regular Season,Renars Krastenbergs,F,N,Oshawa Generals,6.00,1998-12-26,61,21,9,8,38,30,468,0.06,164,2584,0.13,0.06,0.06,0.62
OHL,2017-18 Regular Season,Curtis Douglas,F,Y,Barrie Colts,6.08,2000-03-06,66,22,13,11,46,35,400,0.09,162,2584,0.14,0.06,0.09,0.7
OHL,2017-18 Regular Season,Oliver Castleman,F,N,Niagara IceDogs,5.10,1999-09-15,64,12,8,7,27,20,466,0.04,98,2584,0.12,0.04,0.04,0.42
OHL,2017-18 Regular Season,Ryan Smith,F,N,Niagara IceDogs,6.00,1999-06-04,1,0,0,0,0,0,466,0,0,2584,,0,0,0
OHL,2017-18 Regular Season,Andrew Somerville,D,N,Guelph Storm,5.10,1999-07-30,5,0,0,0,0,0,438,0,1,2584,0,0,0,0
OHL,2017-18 Regular Season,Ryan Martin,D,N,Erie Otters,6.00,1999-06-14,53,2,3,8,13,5,421,0.01,39,2584,0.05,0.02,0.02,0.25
OHL,2017-18 Regular Season,Aidan Timmermans,D,Y,Erie Otters,5.07,2000-04-27,38,1,1,3,5,2,421,0,32,2584,0.03,0.01,0.01,0.13
OHL,2017-18 Regular Season,Carson Edwardson,F,N,Erie Otters,5.11,1999-06-09,24,5,3,0,8,8,421,0.02,32,2584,0.16,0.01,0.01,0.33
OHL,2017-18 Regular Season,Allan McShane,F,Y,Oshawa Generals,5.11,2000-02-14,67,20,32,13,65,52,468,0.11,165,2584,0.12,0.06,0.1,0.97
OHL,2017-18 Regular Season,Jack Duff,D,Y,Erie Otters,6.02,2000-01-23,63,1,5,4,10,6,421,0.01,53,2584,0.02,0.02,0.02,0.16
OHL,2017-18 Regular Season,Gera Poddubnyi,F,N,Erie Otters,6.02,1999-06-09,65,18,8,10,36,26,421,0.06,160,2584,0.11,0.06,0.06,0.55
OHL,2017-18 Regular Season,Cade Robinson,F,Y,Erie Otters,6.01,1999-10-22,65,8,14,2,24,22,548,0.04,88,2584,0.09,0.03,0.03,0.37
OHL,2017-18 Regular Season,Quinn Yule,F,Y,Ottawa 67's,6.05,2000-01-06,60,6,4,2,12,10,423,0.02,54,2584,0.11,0.02,0.02,0.2
OHL,2017-18 Regular Season,Braden Henderson,D,Y,North Bay Battalion,5.10,2000-05-14,46,0,5,4,9,5,573,0.01,37,2584,0,0.01,0.01,0.2
OHL,2017-18 Regular Season,Kirill Nizhnikov,F,Y,Barrie Colts,6.01,2000-03-29,63,10,15,10,35,25,380,0.07,172,2584,0.06,0.07,0.07,0.56
OHL,2017-18 Regular Season,Ryan O'Bonsawin,D,N,Sudbury Wolves,6.00,1999-03-13,8,1,0,1,2,1,380,0,8,2584,0.12,0,0,0.25
OHL,2017-18 Regular Season,Chet Phillips,D,Y,Saginaw Spirit,5.11,2000-07-10,12,0,0,0,0,0,379,0,9,2584,0,0,0,0
OHL,2017-18 Regular Season,Joey Keane,D,N,Barrie Colts,6.00,1999-07-02,62,12,15,17,44,27,576,0.05,154,2584,0.08,0.06,0.06,0.71
OHL,2017-18 Regular Season,Matt McNamara,D,Y,Peterborough Petes,6.00,2000-05-10,49,1,3,2,6,4,425,0.01,44,2584,0.02,0.02,0.01,0.12
OHL,2017-18 Regular Season,Alex Turko,F,N,London Knights,6.01,1999-01-07,54,3,6,3,12,9,442,0.02,40,2584,0.08,0.02,0.02,0.22
OHL,2017-18 Regular Season,Daylon Groulx,F,Y,Owen Sound Attack,5.11,2000-06-07,56,13,3,3,19,16,548,0.03,86,2584,0.15,0.03,0.03,0.34
OHL,2017-18 Regular Season,Chad Denault,F,Y,Peterborough Petes,6.01,2000-04-17,55,0,2,0,2,2,425,0,25,2584,0,0.01,0,0.04
OHL,2017-18 Regular Season,Andy Baker,F,N,North Bay Battalion,5.10,1999-05-15,63,10,7,6,23,17,398,0.04,79,2584,0.13,0.03,0.04,0.37
OHL,2017-18 Regular Season,Nick King,D,N,North Bay Battalion,6.02,1999-01-13,60,3,8,7,18,11,548,0.02,80,2584,0.04,0.03,0.02,0.3
OHL,2017-18 Regular Season,DJ Busdeker,F,Y,Saginaw Spirit,5.10,1999-09-25,68,10,12,5,27,22,379,0.06,167,2584,0.06,0.06,0.05,0.4
OHL,2017-18 Regular Season,Cameron Hough,F,N,Sarnia Sting,6.01,2000-10-23,16,2,1,0,3,3,573,0.01,16,2584,0.12,0.01,0,0.19
OHL,2017-18 Regular Season,Sam Bitten,F,Y,Ottawa 67's,6.01,2000-03-21,68,7,9,5,21,16,423,0.04,70,2584,0.1,0.03,0.04,0.31
OHL,2017-18 Regular Season,Ryan Wells,D,N,Mississauga Steelheads,5.10,1999-08-18,23,0,3,1,4,3,476,0.01,18,2584,0,0.01,0.01,0.17
OHL,2017-18 Regular Season,Harrison Cottam,F,N,London Knights,5.11,1999-06-16,42,3,3,1,7,6,442,0.01,30,2584,0.1,0.01,0.01,0.17
OHL,2017-18 Regular Season,Bradey Johnson,F,Y,Niagara IceDogs,5.11,1999-12-24,55,11,3,3,17,14,466,0.03,82,2584,0.13,0.03,0.03,0.31
OHL,2017-18 Regular Season,Mathieu Foget,F,N,Mississauga Steelheads,5.08,1997-03-06,68,22,26,13,61,48,476,0.1,148,2584,0.15,0.06,0.09,0.9
OHL,2017-18 Regular Season,Nolan Makkonen,D,N,Sudbury Wolves,6.00,1999-02-07,5,0,0,0,0,0,380,0,3,2584,0,0,0,0
OHL,2017-18 Regular Season,Jonathan Yantsis,F,N,Kitchener Rangers,6.03,1999-04-28,59,5,4,3,12,9,469,0.02,44,2584,0.11,0.02,0.02,0.2
OHL,2017-18 Regular Season,Danny Katic,F,Y,Saginaw Spirit,6.04,2000-08-04,55,4,8,3,15,12,379,0.03,50,2584,0.08,0.02,0.03,0.27
OHL,2017-18 Regular Season,Owen Headrick,D,N,Erie Otters,5.11,1997-08-23,64,13,16,17,46,29,421,0.07,165,2584,0.08,0.06,0.08,0.72
OHL,2017-18 Regular Season,Owen Burnell,F,N,Hamilton Bulldogs,5.10,1998-08-24,29,1,2,3,6,3,487,0.01,21,2584,0.05,0.01,0.01,0.21
OHL,2017-18 Regular Season,Adrien Beraldo,D,Y,Peterborough Petes,6.01,2000-01-13,51,2,3,1,6,5,425,0.01,35,2584,0.06,0.01,0.01,0.12
OHL,2017-18 Regular Season,Grayson Ladd,D,N,Kitchener Rangers,6.01,2001-03-01,52,0,2,4,6,2,469,0,22,2584,0,0.01,0.01,0.12
OHL,2017-18 Regular Season,Nick Robertson,F,N,Peterborough Petes,5.07.,2001-09-11,62,15,14,4,33,29,425,0.07,115,2584,0.13,0.04,0.06,0.53
OHL,2017-18 Regular Season,Cameron Supryka,D,N,Peterborough Petes,6.02,2001-10-28,8,0,0,0,0,0,425,0,9,2584,0,0,0,0
OHL,2017-18 Regular Season,Gleb Babintsev,D,Y,Peterborough Petes,6.00,2000-01-08,64,1,3,4,8,4,425,0.01,59,2584,0.02,0.02,0.01,0.12
OHL,2017-18 Regular Season,Graeme Clarke,F,N,Ottawa 67's,5.11,2001-04-24,63,14,4,7,25,18,423,0.04,121,2584,0.12,0.05,0.04,0.4
OHL,2017-18 Regular Season,Adam Li≈°ka,F,Y,Kitchener Rangers,5.11,1999-10-14,62,12,10,9,31,22,469,0.05,115,2584,0.1,0.04,0.05,0.5
OHL,2017-18 Regular Season,Brandon Coe,F,N,North Bay Battalion,6.03,2001-12-01,63,10,8,5,23,18,398,0.05,74,2584,0.14,0.03,0.04,0.37
OHL,2017-18 Regular Season,Mike Petizian,F,N,Kitchener Rangers,5.05,2001-02-20,40,2,1,1,4,3,469,0.01,27,2584,0.07,0.01,0.01,0.1
OHL,2017-18 Regular Season,Matt Gordon,F,N,Kitchener Rangers,6.00,2001-02-27,5,0,0,0,0,0,469,0,1,2584,0,0,0,0
OHL,2017-18 Regular Season,Jack Quinn,F,N,Ottawa 67's,5.11,2001-09-19,8,0,1,0,1,1,423,0,5,2584,0,0,0,0.12
OHL,2017-18 Regular Season,Rickard Hugg,F,N,Kitchener Rangers,5.10,1999-01-18,66,6,10,16,32,16,469,0.03,98,2584,0.06,0.04,0.05,0.48
OHL,2017-18 Regular Season,Andrew Perrott,D,N,London Knights,6.00,2001-08-24,62,4,3,2,9,7,442,0.02,67,2584,0.06,0.03,0.02,0.15
OHL,2017-18 Regular Season,Dalton Duhart,F,N,London Knights,6.00,2001-01-18,36,3,2,0,5,5,442,0.01,21,2584,0.14,0.01,0.01,0.14
OHL,2017-18 Regular Season,Lucas Rowe,F,N,London Knights,6.00,2001-08-13,25,1,0,1,2,1,442,0,15,2584,0.07,0.01,0,0.08
OHL,2017-18 Regular Season,Ryan Bangs,D,Y,London Knights,5.10,2000-01-09,7,0,1,1,2,1,442,0,0,2584,,0,0,0.29
OHL,2017-18 Regular Season,Tim Fallowfield,D,N,London Knights,6.02,1999-02-05,43,2,2,0,4,4,442,0.01,28,2584,0.07,0.01,0.01,0.09
OHL,2017-18 Regular Season,Arthur Kaliyev,F,N,Hamilton Bulldogs,6.02,2001-06-26,68,31,4,13,48,35,487,0.07,208,2584,0.15,0.08,0.07,0.71
OHL,2017-18 Regular Season,Connor McMichael,F,N,Hamilton Bulldogs,6.00,2001-01-15,60,8,8,0,16,16,487,0.03,94,2584,0.09,0.04,0.02,0.27
OHL,2017-18 Regular Season,Liam Van Loon,F,N,Hamilton Bulldogs,5.11,2001-08-17,2,0,1,0,1,1,487,0,2,2584,0,0,0,0.5
OHL,2017-18 Regular Season,Navrin Mutter,F,N,Hamilton Bulldogs,6.03,2001-03-15,28,2,0,1,3,2,487,0,13,2584,0.15,0.01,0,0.11
OHL,2017-18 Regular Season,Jake Murray,F,Y,Hamilton Bulldogs,5.10,2000-04-20,30,1,1,1,3,2,487,0,13,2584,0.08,0.01,0,0.1
OHL,2017-18 Regular Season,Mitchell Brewer,D,N,Oshawa Generals,6.00,2001-03-20,60,2,3,3,8,5,468,0.01,27,2584,0.07,0.01,0.01,0.13
OHL,2017-18 Regular Season,Nick Wong,F,N,Oshawa Generals,5.09,2001-09-17,63,17,6,3,26,23,468,0.05,74,2584,0.23,0.03,0.04,0.41
OHL,2017-18 Regular Season,Nico Gross,D,Y,Oshawa Generals,6.01,2000-01-26,58,4,8,2,14,12,468,0.03,53,2584,0.08,0.02,0.02,0.24
OHL,2017-18 Regular Season,Bobby Dow,F,N,Peterborough Petes,6.01,1998-11-05,63,12,5,7,24,17,425,0.04,93,2584,0.13,0.04,0.04,0.38
OHL,2017-18 Regular Season,Cam Hillis,F,Y,Guelph Storm,5.11,2000-06-24,60,20,25,14,59,45,438,0.1,105,2584,0.19,0.04,0.1,0.98
OHL,2017-18 Regular Season,Keegan Stevenson,F,N,Guelph Storm,6.01,2000-12-31,61,5,3,2,10,8,438,0.02,30,2584,0.17,0.01,0.02,0.16
OHL,2017-18 Regular Season,Tag Bertuzzi,F,N,Guelph Storm,6.01,2001-02-18,41,3,7,1,11,10,438,0.02,31,2584,0.1,0.01,0.02,0.27
OHL,2017-18 Regular Season,Andrei Svechnikov,F,Y,Barrie Colts,6.03,2000-03-26,44,40,24,8,72,64,576,0.11,174,2584,0.23,0.07,0.09,1.64
OHL,2017-18 Regular Season,Alexey Lipanov,F,N,Barrie Colts,6.01,1999-08-17,55,14,15,10,39,29,380,0.08,103,2584,0.14,0.04,0.08,0.71
OHL,2017-18 Regular Season,Luke Bignell,F,N,Barrie Colts,6.01,2000-11-03,56,7,2,3,12,9,576,0.02,49,2584,0.14,0.02,0.02,0.21
OHL,2017-18 Regular Season,Sam Rhodes,F,Y,Barrie Colts,5.07,2000-02-19,45,3,0,0,3,3,576,0.01,44,2584,0.07,0.02,0,0.07
OHL,2017-18 Regular Season,Ryan Suzuki,F,N,Barrie Colts,6.00,2001-05-28,64,14,20,10,44,34,576,0.06,86,2584,0.16,0.03,0.06,0.69
OHL,2017-18 Regular Season,Mathew Hill,D,N,Barrie Colts,6.03,2001-05-01,30,1,1,1,3,2,576,0,23,2584,0.04,0.01,0,0.1
OHL,2017-18 Regular Season,Nathan Allensen,D,N,Barrie Colts,5.11,2001-05-03,55,2,5,8,15,7,576,0.01,38,2584,0.05,0.01,0.02,0.27
OHL,2017-18 Regular Season,Victor Hadfield,D,N,Barrie Colts,5.11,2000-09-21,27,0,0,0,0,0,576,0,17,2584,0,0.01,0,0
OHL,2017-18 Regular Season,Zachary Snow,D,N,Sudbury Wolves,6.02,1999-02-17,9,0,0,0,0,0,380,0,2,2584,0,0,0,0
OHL,2017-18 Regular Season,Ethan Keppen,F,N,Flint Firebirds,6.02,2001-03-20,63,10,4,4,18,14,360,0.04,112,2584,0.09,0.04,0.04,0.29
OHL,2017-18 Regular Season,Jack Wismer,F,Y,Flint Firebirds,6.00,2000-02-24,67,8,7,2,17,15,360,0.04,102,2584,0.08,0.04,0.04,0.25
OHL,2017-18 Regular Season,Nikita Alexandrov,D,N,Flint Firebirds,6.07,1999-05-18,58,2,1,0,3,3,360,0.01,50,2584,0.04,0.02,0.01,0.05
OHL,2017-18 Regular Season,Marcus Gretz,D,N,Flint Firebirds,6.03,2001-11-22,45,1,2,1,4,3,360,0.01,28,2584,0.04,0.01,0.01,0.09
OHL,2017-18 Regular Season,Zack Pilon,D,N,Flint Firebirds,6.03,2000-11-28,43,0,1,1,2,1,360,0,22,2584,0,0.01,0,0.05
OHL,2017-18 Regular Season,Hugo Leufvenius,F,N,Sarnia Sting,6.03,1999-03-26,68,19,19,9,47,38,573,0.07,130,2584,0.15,0.05,0.06,0.69
OHL,2017-18 Regular Season,Mason Primeau,F,N,Guelph Storm,6.05,2001-07-28,60,7,4,2,13,11,438,0.03,55,2584,0.13,0.02,0.02,0.22
OHL,2017-18 Regular Season,Thomas Harley,D,N,Mississauga Steelheads,6.02,2001-08-19,62,1,6,8,15,7,476,0.01,60,2584,0.02,0.02,0.02,0.24
OHL,2017-18 Regular Season,Merrick Rippon,D,Y,Mississauga Steelheads,6.01,2000-04-27,68,4,13,6,23,17,476,0.04,95,2584,0.04,0.04,0.04,0.34
OHL,2017-18 Regular Season,Keean Washkurak,F,N,Mississauga Steelheads,5.10,2001-08-16,61,6,5,4,15,11,476,0.02,78,2584,0.08,0.03,0.02,0.25
OHL,2017-18 Regular Season,Cole Schwindt,F,N,Mississauga Steelheads,6.02,2001-04-25,66,8,5,5,18,13,476,0.03,77,2584,0.1,0.03,0.03,0.27
OHL,2017-18 Regular Season,Jake Gravelle,D,Y,Hamilton Bulldogs,5.11,2000-05-01,9,0,0,0,0,0,487,0,1,2584,0,0,0,0
OHL,2017-18 Regular Season,Isaac Walker,D,Y,Mississauga Steelheads,6.01,2000-03-16,58,0,1,3,4,1,476,0,22,2584,0,0.01,0.01,0.07
OHL,2017-18 Regular Season,Adam Varga,F,N,Mississauga Steelheads,6.00,2001-06-07,46,1,5,1,7,6,476,0.01,25,2584,0.04,0.01,0.01,0.15
OHL,2017-18 Regular Season,Nicholas Porco,F,N,Saginaw Spirit,6.00,2001-03-12,57,5,4,5,14,9,379,0.02,82,2584,0.06,0.03,0.03,0.25
OHL,2017-18 Regular Season,Aidan Prueter,F,N,Saginaw Spirit,5.10,2001-12-21,63,3,3,5,11,6,379,0.02,62,2584,0.05,0.02,0.02,0.17
OHL,2017-18 Regular Season,Duncan Penman,D,N,Saginaw Spirit,5.11,2001-07-05,55,4,3,3,10,7,379,0.02,42,2584,0.1,0.02,0.02,0.18
OHL,2017-18 Regular Season,Blade Jenkins,F,Y,Saginaw Spirit,6.01,2000-08-11,68,20,17,7,44,37,379,0.1,140,2584,0.14,0.05,0.08,0.65
OHL,2017-18 Regular Season,Caleb Everett,D,Y,Saginaw Spirit,6.02,2000-01-20,58,6,10,4,20,16,379,0.04,85,2584,0.07,0.03,0.04,0.34
OHL,2017-18 Regular Season,Tom Bappert,D,N,Saginaw Spirit,6.01,1999-01-16,16,0,0,1,1,0,379,0,19,2584,0,0.01,0,0.06
OHL,2017-18 Regular Season,Travis Mailhot,D,Y,North Bay Battalion,6.05,2000-01-17,30,0,0,0,0,0,398,0,15,2584,0,0.01,0,0
OHL,2017-18 Regular Season,Kurtis Evans,F,N,North Bay Battalion,6.01,2001-04-21,33,1,0,0,1,1,398,0,26,2584,0.04,0.01,0,0.03
OHL,2017-18 Regular Season,Payton Vescio,D,N,North Bay Battalion,6.00,2001-03-20,1,0,0,0,0,0,398,0,0,2584,,0,0,0
OHL,2017-18 Regular Season,Simon Rose,D,N,North Bay Battalion,6.00,2001-03-23,39,0,0,1,1,0,398,0,12,2584,0,0,0,0.03
OHL,2017-18 Regular Season,Cole Resnick,F,N,Oshawa Generals,6.00,1999-04-21,23,0,1,1,2,1,468,0,8,2584,0,0,0,0.09
OHL,2017-18 Regular Season,Patrick Brown,F,Y,North Bay Battalion,6.01,2000-03-21,53,2,2,2,6,4,398,0.01,37,2584,0.05,0.01,0.01,0.11
OHL,2017-18 Regular Season,Kyle Harris,F,N,Flint Firebirds,5.11,2001-04-12,60,5,3,3,11,8,360,0.02,64,2584,0.08,0.02,0.02,0.18
OHL,2017-18 Regular Season,Jack York,D,N,Kitchener Rangers,6.00,2000-09-17,57,3,2,4,9,5,469,0.01,34,2584,0.09,0.01,0.01,0.16
OHL,2017-18 Regular Season,Alexandre Hogue,D,N,Sarnia Sting,5.07,2001-02-14,30,0,1,1,2,1,573,0,12,2584,0,0,0,0.07
OHL,2017-18 Regular Season,Marko Jakovljevic,D,N,Sarnia Sting,6.03,2000-11-24,27,1,2,1,4,3,573,0.01,13,2584,0.08,0.01,0.01,0.15
OHL,2017-18 Regular Season,Colton Kammerer,D,N,Sarnia Sting,6.00,2001-10-21,39,1,5,2,8,6,573,0.01,28,2584,0.04,0.01,0.01,0.21
OHL,2017-18 Regular Season,Brayden Guy,F,N,Sarnia Sting,6.00,2001-03-03,42,8,1,0,9,9,573,0.02,39,2584,0.21,0.02,0.01,0.21
OHL,2017-18 Regular Season,Jamieson Rees,F,N,Sarnia Sting,5.09,2001-02-26,46,5,11,4,20,16,573,0.03,63,2584,0.08,0.02,0.03,0.43
OHL,2017-18 Regular Season,Robert Calisti,D,N,Sault Ste. Marie Greyhounds,5.09,2001-01-25,6,0,0,0,0,0,610,0,4,2584,0,0,0,0
OHL,2017-18 Regular Season,Hayden Fowler,F,N,Erie Otters,5.10,2001-09-24,61,12,8,6,26,20,610,0.03,78,2584,0.15,0.03,0.03,0.43
OHL,2017-18 Regular Season,Ryan Roth,F,Y,Sault Ste. Marie Greyhounds,5.08,2000-07-20,68,15,8,10,33,23,610,0.04,106,2584,0.14,0.04,0.04,0.49
OHL,2017-18 Regular Season,Keeghan Howdeshell,F,N,Sault Ste. Marie Greyhounds,6.01,1998-02-24,61,16,14,6,36,30,610,0.05,123,2584,0.13,0.05,0.04,0.59
OHL,2017-18 Regular Season,Joe Carroll,F,N,Sault Ste. Marie Greyhounds,6.02,2001-02-01,53,9,6,3,18,15,610,0.02,58,2584,0.16,0.02,0.02,0.34
OHL,2017-18 Regular Season,Thomas Stevenson,D,Y,Windsor Spitfires,6.03,1999-10-14,67,3,3,2,8,6,400,0.02,57,2584,0.05,0.02,0.01,0.12
OHL,2017-18 Regular Season,Louka Henault,D,N,Windsor Spitfires,6.00,2001-01-31,42,0,0,2,2,0,400,0,21,2584,0,0.01,0,0.05
OHL,2017-18 Regular Season,Nathan Staios,D,N,Windsor Spitfires,5.08,2001-05-17,54,3,4,5,12,7,400,0.02,62,2584,0.05,0.02,0.02,0.22
OHL,2017-18 Regular Season,Jordan Frasca,F,N,Windsor Spitfires,6.01,2001-07-05,11,1,1,0,2,2,400,0,10,2584,0.1,0,0,0.18
OHL,2017-18 Regular Season,William Sirman,F,Y,Windsor Spitfires,5.10,1999-11-03,66,6,9,4,19,15,400,0.04,73,2584,0.08,0.03,0.04,0.29
OHL,2017-18 Regular Season,Igor Larionov,F,N,Windsor Spitfires,6.00,1998-08-24,32,6,11,6,23,17,400,0.04,39,2584,0.15,0.02,0.04,0.72
OHL,2017-18 Regular Season,Mathew MacDougall,F,Y,Windsor Spitfires,5.09,2000-01-23,66,17,8,7,32,25,400,0.06,101,2584,0.17,0.04,0.06,0.48
OHL,2017-18 Regular Season,Jake Smith,F,N,Windsor Spitfires,5.10,1997-07-03,59,20,20,8,48,40,400,0.1,151,2584,0.13,0.06,0.09,0.81
OHL,2017-18 Regular Season,John Parker-Jones,F,Y,Peterborough Petes,6.06,2000-04-07,41,2,2,1,5,4,425,0.01,34,2584,0.06,0.01,0.01,0.12
OHL,2017-18 Regular Season,Daniel D'Amico,F,N,Windsor Spitfires,5.09,2001-01-25,59,12,6,1,19,18,400,0.04,63,2584,0.19,0.02,0.04,0.32
OHL,2017-18 Regular Season,Kirill Kozhevnikov,F,N,Windsor Spitfires,6.02,1999-01-26,33,4,2,1,7,6,400,0.02,31,2584,0.13,0.01,0.01,0.21
OHL,2017-18 Regular Season,Lev Starikov,D,N,Windsor Spitfires,6.07,2000-09-17,66,5,3,5,13,8,400,0.02,81,2584,0.06,0.03,0.02,0.2
OHL,2017-18 Regular Season,Evan Brand,D,N,Kingston Frontenacs,6.06,2001-03-14,27,0,0,1,1,0,458,0,5,2584,0,0,0,0.04
OHL,2017-18 Regular Season,Cody Morgan,F,N,Kingston Frontenacs,5.11,2001-02-01,63,10,7,4,21,17,400,0.04,78,2584,0.13,0.03,0.04,0.33
OHL,2017-18 Regular Season,Bryan Laureigh,F,Y,Kingston Frontenacs,5.11,2000-06-16,57,3,3,0,6,6,458,0.01,23,2584,0.13,0.01,0.01,0.11
OHL,2017-18 Regular Season,Philip Tomasino,F,N,Niagara IceDogs,5.11,2001-07-28,61,5,13,6,24,18,466,0.04,74,2584,0.07,0.03,0.04,0.39
OHL,2017-18 Regular Season,Andrew Bruder,F,Y,Niagara IceDogs,6.01,2000-08-16,52,4,3,4,11,7,466,0.02,45,2584,0.09,0.02,0.02,0.21
OHL,2017-18 Regular Season,Ian Martin,F,N,Niagara IceDogs,5.11,2001-01-27,24,2,0,2,4,2,466,0,16,2584,0.12,0.01,0.01,0.17
OHL,2017-18 Regular Season,Billy Constantinou,D,N,Niagara IceDogs,5.11,2001-03-25,45,3,5,4,12,8,466,0.02,42,2584,0.07,0.02,0.02,0.27
OHL,2017-18 Regular Season,Daniel Nardi,D,N,Niagara IceDogs,5.11,2001-03-27,3,0,0,0,0,0,466,0,1,2584,0,0,0,0
OHL,2017-18 Regular Season,Ryan Stepien,F,N,Saginaw Spirit,5.09,2001-09-19,50,10,4,2,16,14,379,0.04,56,2584,0.18,0.02,0.03,0.32
OHL,2017-18 Regular Season,Joseph Rupoli,D,Y,Oshawa Generals,6.03,2000-05-24,9,0,0,1,1,0,468,0,1,2584,0,0,0,0.11
OHL,2017-18 Regular Season,Camaryn Baber,F,N,Saginaw Spirit,5.10,2001-04-04,11,1,2,0,3,3,379,0.01,13,2584,0.08,0.01,0.01,0.27
OHL,2017-18 Regular Season,Ben Badalamenti,F,Y,Saginaw Spirit,6.00,2000-02-06,34,4,1,1,6,5,379,0.01,42,2584,0.1,0.02,0.01,0.18
OHL,2017-18 Regular Season,Dylan D'Agostino,F,Y,Hamilton Bulldogs,6.00,2000-07-22,2,0,0,0,0,0,487,0,0,2584,,0,0,0
OHL,2017-18 Regular Season,Emmett Sproule,F,N,Erie Otters,5.10,2001-03-19,56,5,6,2,13,11,421,0.03,47,2584,0.11,0.02,0.02,0.23
OHL,2017-18 Regular Season,Stephane Patry,F,Y,Erie Otters,5.10,2000-02-18,50,5,6,3,14,11,421,0.03,44,2584,0.11,0.02,0.02,0.28
OHL,2017-18 Regular Season,Joseph Mack,F,Y,Erie Otters,6.02,2000-01-06,51,6,2,3,11,8,421,0.02,53,2584,0.11,0.02,0.02,0.22
OHL,2017-18 Regular Season,Chad Yetman,F,Y,Erie Otters,5.11,2000-02-18,56,9,5,2,16,14,421,0.03,63,2584,0.14,0.02,0.03,0.29
OHL,2017-18 Regular Season,Maxim Golod,F,Y,Erie Otters,5.10,2000-08-18,61,12,15,6,33,27,421,0.06,121,2584,0.1,0.05,0.06,0.54
OHL,2017-18 Regular Season,Kurtis Henry,D,Y,Erie Otters,6.02,2000-04-14,44,1,2,4,7,3,421,0.01,24,2584,0.04,0.01,0.01,0.16
OHL,2017-18 Regular Season,Alexey Toropchenko,F,N,Guelph Storm,6.03,1999-06-25,66,17,10,12,39,27,438,0.06,205,2584,0.08,0.08,0.06,0.59
OHL,2017-18 Regular Season,Anthony Aguanno,D,N,Guelph Storm,5.10,2001-03-18,7,0,0,0,0,0,438,0,1,2584,0,0,0,0
OHL,2017-18 Regular Season,Mark Woolley,D,N,Guelph Storm,6.02,2001-11-26,66,2,5,2,9,7,438,0.02,39,2584,0.05,0.02,0.01,0.14
OHL,2017-18 Regular Season,Lucas Peric,D,N,Ottawa 67's,5.11,2001-01-08,57,2,1,0,3,3,423,0.01,30,2584,0.07,0.01,0.01,0.05
OHL,2017-18 Regular Season,Nikita Okhotyuk,D,N,Ottawa 67's,6.01,2000-12-04,53,5,1,5,11,6,423,0.01,58,2584,0.09,0.02,0.02,0.21
OHL,2017-18 Regular Season,Zack Trott,F,Y,Sault Ste. Marie Greyhounds,5.10,2000-05-10,38,2,0,1,3,2,610,0,26,2584,0.08,0.01,0,0.08
OHL,2017-18 Regular Season,Phil Caron,D,Y,Sault Ste. Marie Greyhounds,5.08,2000-07-23,24,0,0,2,2,0,610,0,16,2584,0,0.01,0,0.08
OHL,2017-18 Regular Season,Cole MacKay,F,N,Sault Ste. Marie Greyhounds,5.10,2001-06-13,42,5,4,5,14,9,610,0.01,51,2584,0.1,0.02,0.02,0.33
OHL,2017-18 Regular Season,Brett Jacklin,F,Y,Sault Ste. Marie Greyhounds,6.01,2000-02-21,49,4,4,1,9,8,610,0.01,38,2584,0.11,0.01,0.01,0.18
OHL,2017-18 Regular Season,Igor Chibrikov,D,N,Owen Sound Attack,6.06,2001-11-30,41,1,4,2,7,5,548,0.01,14,2584,0.07,0.01,0.01,0.17
OHL,2017-18 Regular Season,Jackson Doherty,F,Y,Owen Sound Attack,5.11,2000-08-22,53,7,1,2,10,8,548,0.01,31,2584,0.23,0.01,0.01,0.19
OHL,2017-18 Regular Season,Marino Moro,F,Y,Owen Sound Attack,5.10,2000-02-03,37,1,4,1,6,5,548,0.01,16,2584,0.06,0.01,0.01,0.16
OHL,2017-18 Regular Season,Mitchell Russell,F,N,Owen Sound Attack,5.11,2001-03-06,59,3,3,1,7,6,548,0.01,51,2584,0.06,0.02,0.01,0.12
OHL,2017-18 Regular Season,Liam Whittaker,D,N,London Knights,6.00,2001-06-06,1,0,0,1,1,0,442,0,0,2584,,0,0,1
OHL,2017-18 Regular Season,Cameron Gaylor,F,Y,Mississauga Steelheads,5.11,1999-11-19,42,3,0,1,4,3,476,0.01,32,2584,0.09,0.01,0.01,0.1
OHL,2017-18 Regular Season,Nicholas Canade,F,Y,Mississauga Steelheads,5.08,2000-03-07,63,6,4,4,14,10,476,0.02,90,2584,0.07,0.03,0.02,0.22
OHL,2017-18 Regular Season,Oliver True,F,Y,Ottawa 67's,6.03,2000-05-04,58,6,6,3,15,12,423,0.03,68,2584,0.09,0.03,0.03,0.26
OHL,2017-18 Regular Season,Seva Losev,F,Y,Ottawa 67's,6.00,2000-06-13,30,2,1,0,3,3,423,0.01,13,2584,0.15,0.01,0.01,0.1
OHL,2017-18 Regular Season,Mason Hardy,D,Y,Mississauga Steelheads,6.03,2000-04-03,32,0,2,0,2,2,476,0,17,2584,0,0.01,0,0.06
OHL,2017-18 Regular Season,Nolan Hutcheson,F,Y,Sudbury Wolves,6.04,2000-06-26,62,8,4,5,17,12,380,0.03,110,2584,0.07,0.04,0.03,0.27
OHL,2017-18 Regular Season,Anthony Tabak,F,N,Sudbury Wolves,6.05,2001-12-06,51,6,4,4,14,10,380,0.03,50,2584,0.12,0.02,0.03,0.27
OHL,2017-18 Regular Season,Emmett Serensits,D,Y,Sudbury Wolves,6.01,2000-01-07,61,2,5,2,9,7,380,0.02,47,2584,0.04,0.02,0.02,0.15
OHL,2017-18 Regular Season,Liam Ross,D,N,Sudbury Wolves,6.02,2001-05-13,60,4,2,3,9,6,380,0.02,40,2584,0.1,0.02,0.02,0.15
OHL,2017-18 Regular Season,Zack Malik,D,Y,Sudbury Wolves,6.02,2000-08-03,32,0,10,2,12,10,380,0.03,34,2584,0,0.01,0.02,0.38
OHL,2017-18 Regular Season,Blake Murray,F,N,Sudbury Wolves,6.02,2001-07-05,57,21,12,11,44,33,380,0.09,102,2584,0.21,0.04,0.09,0.77
OHL,2017-18 Regular Season,Blake McConville,F,Y,Sudbury Wolves,6.02,2000-04-03,45,1,1,0,2,2,380,0.01,38,2584,0.03,0.01,0,0.04
OHL,2017-18 Regular Season,Mitchell Hewitson,F,Y,Oshawa Generals,6.05,2000-05-11,27,1,0,0,1,1,468,0,16,2584,0.06,0.01,0,0.04
OHL,2017-18 Regular Season,Noah Serre,F,N,Sudbury Wolves,5.09,1998-07-25,1,1,0,0,1,1,380,0,1,2584,1,0,0,1
OHL,2017-18 Regular Season,Alec Regula,D,Y,London Knights,6.04,2000-08-06,67,7,6,12,25,13,442,0.03,82,2584,0.09,0.03,0.04,0.37
OHL,2017-18 Regular Season,Shane Collins,D,N,London Knights,6.02,1997-02-20,58,3,4,6,13,7,442,0.02,76,2584,0.04,0.03,0.02,0.22
OHL,2017-18 Regular Season,Adam Kadlec,F,N,Oshawa Generals,6.03,1999-09-03,25,0,2,1,3,2,400,0,24,2584,0,0.01,0.01,0.12
OHL,2017-18 Regular Season,Rasmus Sandin,D,Y,Sault Ste. Marie Greyhounds,5.11,2000-03-07,51,12,14,19,45,26,610,0.04,94,2584,0.13,0.04,0.05,0.88
OHL,2017-18 Regular Season,Luke Drewitt,F,N,Kingston Frontenacs,6.00,2001-09-27,6,1,0,0,1,1,458,0,2,2584,0.5,0,0,0.17
OHL,2017-18 Regular Season,Levi Siau,F,N,Sudbury Wolves,6.01,2001-04-01,9,0,0,1,1,0,380,0,10,2584,0,0,0,0.11
OHL,2017-18 Regular Season,Hayden Johnston,D,Y,Windsor Spitfires,6.01,2000-06-07,4,0,1,0,1,1,400,0,1,2584,0,0,0,0.25
OHL,2017-18 Regular Season,Jake Goldowski,F,Y,Saginaw Spirit,6.03,2000-05-07,40,11,8,2,21,19,379,0.05,76,2584,0.14,0.03,0.04,0.52
OHL,2017-18 Regular Season,Eric Uba,F,N,Flint Firebirds,5.11,2000-12-17,4,0,0,1,1,0,360,0,7,2584,0,0,0,0.25
OHL,2017-18 Regular Season,Ashton Reesor,D,N,Sarnia Sting,6.03,2001-01-12,1,0,0,0,0,0,573,0,0,2584,,0,0,0
OHL,2017-18 Regular Season,Mason Millman,D,N,Saginaw Spirit,6.01,2001-07-18,6,0,0,0,0,0,379,0,6,2584,0,0,0,0
OHL,2017-18 Regular Season,Michael Vukojevic,D,N,Kitchener Rangers,6.03,2001-06-08,24,1,3,1,5,4,469,0.01,22,2584,0.05,0.01,0.01,0.21
OHL,2017-18 Regular Season,Mitch Eliot,D,N,Sarnia Sting,6.01,1998-02-06,16,2,1,0,3,3,573,0.01,27,2584,0.07,0.01,0,0.19
OHL,2017-18 Regular Season,Jake Partridge,F,N,Peterborough Petes,5.10,2001-04-18,4,0,0,0,0,0,425,0,4,2584,0,0,0,0
